index,INDEX,YEAR,MN,DT,Solar Radiation,Sunshine hour,MAX Temp,MIN Temp,EVP,station level pressure,mean sea LP,.RH,Vapour press,wind dir,wind speed,PM2.5,PM10,NO2
0,42483,2016,1,1,12.34,6.0,14.2,7.9,0.5,1001.7,1011.7,74,14.1,25,8,390.02,547.19,43.56
1,42483,2016,1,2,13.97,6.9,16.7,7.3,0.7,1004.8,1014.2,73,13.3,32,6,385.68,504.75,43.52
3,42483,2016,1,4,12.13,4.7,22.2,8.6,0.7,1005.1,1015.4,81,11.0,29,6,383.25,472.38,42.92
4,42483,2016,1,5,12.98,5.1,14.8,9.6,0.9,1003.6,1013.7,73,11.7,25,4,464.24,646.14,47.08
5,42483,2016,1,6,10.72,3.5,17.8,11.1,0.9,1006.3,1016.5,79,11.5,0,0,491.62,778.56,44.09
7,42483,2016,1,8,9.33,3.9,21.0,4.0,0.3,1003.0,1013.2,88,11.8,29,8,805.23,498.16,39.07
8,42483,2016,1,9,9.13,3.6,20.9,6.7,0.8,1009.3,1014.5,79,9.8,29,6,861.16,356.41,33.9
11,42483,2016,1,12,13.71,7.0,13.6,4.0,0.9,1001.2,1011.2,62,11.5,0,0,323.86,523.4,32.62
12,42483,2016,1,13,13.48,7.5,18.4,7.0,0.7,1002.0,1011.9,62,14.1,0,0,312.71,601.7,35.79
13,42483,2016,1,14,13.9,8.1,19.3,11.2,0.6,1000.9,1010.7,54,14.9,0,0,345.53,590.82,33.31
14,42483,2016,1,15,12.02,6.5,15.0,9.3,0.5,1000.9,1010.7,58,15.0,7,4,272.55,460.84,30.41
15,42483,2016,1,16,15.62,8.4,16.2,9.0,0.3,1001.3,1011.3,43,8.4,27,12,331.48,404.53,29.13
16,42483,2016,1,17,16.24,9.3,13.8,5.6,0.5,1001.4,1011.4,43,8.6,25,12,277.52,373.67,23.58
18,42483,2016,1,19,14.79,8.6,13.0,5.2,0.5,1001.3,1011.3,48,10.2,0,0,478.09,554.95,26.65
19,42483,2016,1,20,13.79,8.6,17.6,8.8,0.4,1005.5,1015.6,49,10.5,0,0,293.85,259.99,30.34
20,42483,2016,1,21,14.31,8.5,13.0,5.3,0.5,1003.9,1013.8,53,11.7,25,4,200.75,264.44,21.31
21,42483,2016,1,22,14.28,8.2,17.0,5.3,0.4,1003.6,1013.5,44,10.6,23,4,182.07,272.07,21.69
22,42483,2016,1,23,14.66,9.0,18.8,8.8,0.4,1005.1,1014.9,50,14.1,0,0,248.62,440.6,30.62
23,42483,2016,1,24,14.52,8.7,17.4,6.4,0.8,1004.6,1014.4,47,13.3,27,4,252.24,392.28,29.7
24,42483,2016,1,25,13.49,9.1,18.7,6.0,1.0,1005.4,1015.4,46,12.3,36,4,252.08,382.46,35.62
25,42483,2016,1,26,12.99,9.0,22.0,7.0,0.8,1006.6,1016.5,46,12.3,0,0,144.54,282.23,27.31
26,42483,2016,1,27,16.27,9.3,26.8,6.7,1.1,1005.9,1015.8,47,11.8,27,8,204.34,418.34,32.59
27,42483,2016,1,28,14.97,8.6,27.3,8.0,1.6,1004.8,1014.7,46,10.4,0,0,258.85,529.04,35.55
28,42483,2016,1,29,7.97,1.6,27.8,8.4,1.2,1002.3,1012.2,56,13.4,9,4,288.08,570.14,36.07
29,42483,2016,1,30,14.69,8.5,29.3,12.2,1.8,1003.9,1013.7,58,15.4,34,8,337.88,574.23,36.83
30,42483,2016,1,31,12.83,6.1,29.0,10.9,1.8,1004.6,1014.4,56,15.7,27,6,184.05,358.8,32.26
31,42483,2016,2,1,16.32,9.0,24.0,10.0,2.0,1004.7,1014.6,52,12.8,25,6,177.07,399.01,32.3
32,42483,2016,2,2,16.05,9.1,27.4,10.0,1.4,1005.1,1015.0,51,12.7,29,4,153.79,407.97,27.38
33,42483,2016,2,3,16.82,9.0,27.8,10.0,1.6,1004.6,1014.4,57,14.9,29,6,107.44,296.54,25.02
34,42483,2016,2,4,14.45,8.7,27.7,9.6,1.5,1003.4,1013.2,61,17.4,0,0,135.86,323.14,28.21
35,42483,2016,2,5,15.77,8.1,26.8,9.6,1.6,1002.0,1011.8,51,14.9,11,4,246.75,362.15,35.19
36,42483,2016,2,6,16.01,7.2,28.1,10.7,1.8,1001.1,1010.8,49,16.2,0,0,183.18,381.01,30.9
37,42483,2016,2,7,3.74,0.0,29.4,11.4,1.8,998.4,1008.1,40,14.2,2,4,170.35,314.75,22.85
38,42483,2016,2,8,15.4,8.9,30.2,12.4,2.0,997.0,1006.6,47,16.8,29,6,179.72,369.75,27.37
39,42483,2016,2,9,17.92,9.6,30.2,14.0,2.2,998.8,1008.6,41,11.5,25,8,211.53,375.86,33.16
40,42483,2016,2,10,16.88,9.2,22.6,13.6,1.2,1007.4,1011.2,47,14.1,0,0,240.37,412.09,40.01
41,42483,2016,2,11,16.94,9.0,27.2,13.6,1.3,1002.1,1011.9,41,12.1,25,8,223.51,467.76,37.17
42,42483,2016,2,12,19.23,9.5,28.4,16.0,1.4,999.6,1009.4,36,11.1,27,10,185.52,407.97,43.15
43,42483,2016,2,13,17.84,9.7,23.0,13.6,1.1,998.0,1007.1,37,13.3,23,4,174.31,394.25,39.96
44,42483,2016,2,14,14.66,8.2,32.3,17.3,2.6,996.4,1006.0,47,17.4,7,4,72.67,181.17,23.02
46,42483,2016,2,16,5.36,0.0,28.6,12.0,2.2,1001.9,1011.8,71,16.2,7,14,651.66,696.81,37.84
47,42483,2016,2,17,15.31,7.6,29.1,12.3,2.2,1002.1,1011.9,65,18.0,32,8,129.47,244.38,39.06
49,42483,2016,2,19,19.63,9.8,30.4,14.2,2.7,1004.7,1014.5,44,12.0,29,6,178.91,214.44,25.34
50,42483,2016,2,20,13.05,5.5,31.2,14.8,2.4,1004.6,1014.6,46,12.6,0,0,177.77,277.0,25.91
51,42483,2016,2,21,16.44,8.4,31.4,15.0,2.2,1004.6,1014.4,43,13.1,29,6,81.47,241.3,20.29
52,42483,2016,2,22,19.09,9.6,35.0,16.2,3.2,1004.8,1014.5,45,14.3,32,6,69.83,209.22,21.04
53,42483,2016,2,23,19.19,9.7,35.0,16.5,2.9,1004.2,1014.0,50,15.5,32,4,95.85,320.65,26.36
54,42483,2016,2,24,18.8,9.3,36.1,17.5,2.4,1001.3,1011.0,44,15.0,29,6,274.66,402.14,24.01
55,42483,2016,2,25,11.15,5.4,33.5,16.6,2.5,1001.6,1011.4,64,17.8,29,14,98.69,237.93,24.81
56,42483,2016,2,26,19.22,8.6,36.6,17.9,2.4,1002.3,1012.1,55,17.8,32,8,207.72,225.63,24.93
57,42483,2016,2,27,18.95,9.4,37.0,17.9,2.2,1005.0,1014.8,45,15.4,32,10,220.12,258.07,28.55
58,42483,2016,2,28,21.52,11.2,35.1,17.3,3.0,1003.8,1013.5,34,11.1,25,6,161.88,326.13,29.2
60,42483,2016,3,2,19.43,8.6,32.5,15.5,2.6,1000.3,1009.9,33,12.7,0,0,171.6,414.74,33.02
61,42483,2016,3,3,19.32,8.6,33.1,14.6,2.8,1000.0,1009.6,35,13.8,32,6,181.6,474.86,35.98
62,42483,2016,3,4,17.38,8.3,33.2,14.7,2.6,999.4,1009.0,45,17.4,5,6,332.92,516.41,37.03
63,42483,2016,3,5,19.41,9.2,32.0,14.5,2.5,999.9,1009.5,43,17.1,32,10,234.29,467.47,38.4
64,42483,2016,3,6,21.73,9.6,34.1,15.4,2.8,1002.6,1012.2,33,12.6,27,12,269.03,524.05,35.2
65,42483,2016,3,7,22.67,9.8,36.1,16.3,3.0,1001.2,1010.8,32,12.4,23,12,81.79,164.55,23.01
66,42483,2016,3,8,21.35,9.3,37.2,16.8,2.8,998.7,1008.3,38,15.7,25,12,62.55,131.64,19.83
67,42483,2016,3,9,18.66,8.7,37.2,17.5,3.2,999.0,1008.6,30,13.6,36,8,159.48,193.23,16.76
68,42483,2016,3,10,20.49,8.7,36.2,18.6,2.8,1000.1,1009.7,33,14.2,2,10,93.0,230.0,26.74
69,42483,2016,3,11,19.7,8.3,35.0,18.0,3.4,999.4,1009.0,39,15.0,32,4,90.69,208.29,27.87
70,42483,2016,3,12,21.61,9.2,35.1,19.6,2.8,1000.4,1010.0,38,14.7,29,8,90.15,255.05,30.22
71,42483,2016,3,13,14.21,3.8,37.4,18.8,3.2,1000.0,1009.6,31,12.3,27,8,173.67,222.75,29.46
72,42483,2016,3,14,18.19,6.5,37.8,19.2,3.2,998.9,1008.0,30,13.1,36,4,35.62,68.15,24.05
73,42483,2016,3,15,25.22,9.4,38.6,20.0,3.8,999.1,1008.7,35,15.4,0,0,148.92,217.35,20.5
81,42483,2016,3,23,20.99,8.9,41.6,21.5,6.0,996.7,1006.1,23,12.1,34,4,126.74,218.26,29.04
82,42483,2016,3,24,16.37,5.5,42.0,21.7,5.2,995.3,1004.7,29,15.8,0,0,73.35,190.03,31.85
83,42483,2016,3,25,21.02,8.7,46.7,23.6,4.6,995.9,1005.3,27,15.2,29,8,286.56,407.57,34.48
84,42483,2016,3,26,21.59,8.7,41.5,21.6,3.8,997.1,1006.5,29,15.5,29,8,176.39,505.81,43.28
85,42483,2016,3,27,21.88,8.9,42.2,20.4,5.0,995.7,1005.1,22,12.5,27,6,182.58,385.94,42.24
86,42483,2016,3,28,22.25,8.6,41.0,22.1,5.6,995.4,1004.8,35,17.6,2,8,176.27,322.88,41.9
87,42483,2016,3,29,21.82,8.7,42.2,21.4,6.0,996.0,1005.4,37,17.6,5,14,70.79,193.54,37.59
88,42483,2016,3,30,19.06,6.6,42.4,29.6,7.0,996.5,1006.2,55,19.4,34,10,212.56,539.25,33.7
89,42483,2016,3,31,23.8,9.2,42.0,22.0,5.6,996.5,1006.0,29,14.6,29,14,146.0,325.27,37.94
90,42483,2016,4,1,22.07,8.7,41.8,19.6,4.0,995.8,1005.2,22,12.3,29,16,102.64,285.33,30.89
91,42483,2016,4,2,21.73,8.6,42.0,22.8,6.0,995.7,1005.1,20,11.9,32,6,101.68,302.46,31.2
92,42483,2016,4,3,18.4,7.7,43.2,24.6,6.0,996.0,1005.4,30,16.1,9,12,65.04,216.36,26.73
93,42483,2016,4,4,19.65,7.5,43.9,24.6,5.4,997.5,1007.0,24,12.1,29,6,79.02,224.56,31.73
94,42483,2016,4,5,24.23,8.3,44.7,23.8,6.0,999.3,1008.8,17,8.6,27,6,91.95,273.1,32.45
95,42483,2016,4,6,24.63,9.2,45.0,24.0,6.5,998.8,1008.2,15,8.7,29,8,100.89,366.46,30.23
96,42483,2016,4,7,19.56,4.6,44.8,24.3,5.0,997.1,1006.5,15,8.8,32,10,83.04,331.73,27.9
97,42483,2016,4,8,21.25,8.6,43.2,21.6,4.8,996.3,1005.7,20,12.2,29,4,152.01,320.33,28.6
98,42483,2016,4,9,17.93,6.0,42.1,24.2,6.2,998.5,1007.9,28,15.3,0,0,57.72,293.12,25.42
99,42483,2016,4,10,22.04,8.7,44.9,25.4,5.0,999.4,1008.8,24,14.0,0,0,73.64,291.43,27.66
100,42483,2016,4,11,21.42,8.2,44.6,26.0,5.0,996.9,1006.3,23,14.3,27,6,78.22,292.67,27.64
101,42483,2016,4,12,14.63,3.8,45.2,24.2,4.0,996.0,1005.4,28,16.6,0,0,71.62,306.25,28.63
102,42483,2016,4,13,15.54,4.2,43.2,28.0,5.4,996.4,1005.8,43,22.5,0,0,61.28,434.66,23.68
103,42483,2016,4,14,22.93,10.1,45.3,27.6,6.0,995.2,1004.6,32,16.3,2,12,64.74,307.43,26.0
104,42483,2016,4,15,23.49,10.1,45.0,27.6,6.0,994.3,1003.6,23,14.0,32,10,64.37,327.56,29.41
105,42483,2016,4,16,22.58,10.5,43.8,26.0,6.0,994.9,1004.1,21,13.7,32,8,78.62,309.89,31.06
106,42483,2016,4,17,23.28,10.7,44.1,25.1,5.2,994.2,1003.4,20,13.6,29,6,98.19,384.26,34.14
107,42483,2016,4,18,16.33,4.6,44.0,23.8,5.0,991.7,1001.0,34,21.3,2,14,119.38,393.5,31.64
108,42483,2016,4,19,21.45,8.8,43.6,25.3,5.6,994.0,1003.5,44,18.5,2,22,75.96,309.12,25.84
109,42483,2016,4,20,25.22,10.7,41.7,26.0,5.0,995.0,1004.3,26,15.4,32,8,105.48,471.76,31.1
110,42483,2016,4,21,19.7,7.6,38.9,28.8,4.3,995.7,1005.1,20,11.7,16,6,82.55,394.26,29.91
111,42483,2016,4,22,24.25,10.0,41.4,26.6,4.0,995.2,1004.6,21,12.4,29,8,66.66,391.37,28.52
112,42483,2016,4,23,24.47,10.5,40.0,26.3,4.5,993.7,1002.9,15,9.4,34,10,68.91,327.01,28.1
114,42483,2016,4,25,21.95,10.0,37.2,26.6,1.8,991.8,1001.1,23,14.2,2,8,60.35,299.78,16.7
115,42483,2016,4,26,14.71,3.8,40.0,23.0,4.0,995.9,1005.4,43,20.4,2,14,64.86,254.06,17.79
116,42483,2016,4,27,23.84,10.4,40.2,25.6,4.6,992.6,1001.9,24,14.6,7,12,121.0,375.29,29.69
117,42483,2016,4,28,22.83,10.4,40.0,27.7,3.9,990.3,999.5,25,16.2,32,4,94.11,340.95,27.98
118,42483,2016,4,29,19.13,9.6,33.0,23.6,1.3,990.6,999.8,32,21.0,7,12,139.75,342.69,26.18
119,42483,2016,4,30,20.62,9.3,35.5,24.6,2.8,992.4,1001.6,28,18.9,36,12,166.81,294.21,24.06
120,42483,2016,5,1,20.44,8.5,41.1,26.5,4.4,990.5,999.7,36,25.9,29,12,233.81,294.89,22.94
123,42483,2016,5,4,20.22,7.7,45.0,25.1,5.2,991.0,1000.2,40,25.3,9,12,68.28,392.31,11.66
124,42483,2016,5,5,21.19,7.7,45.8,25.7,5.0,992.1,1001.4,36,22.1,5,8,54.58,240.61,9.21
125,42483,2016,5,6,23.07,10.2,43.8,25.0,4.0,990.3,999.5,31,20.9,5,12,54.26,185.52,9.4
126,42483,2016,5,7,22.79,10.2,43.7,25.4,4.6,990.4,999.7,37,20.3,34,12,63.09,202.16,11.97
128,42483,2016,5,9,24.34,11.0,40.7,29.8,7.0,987.6,996.8,18,13.8,29,18,119.24,240.15,23.52
129,42483,2016,5,10,23.98,10.5,41.8,30.2,3.6,987.2,996.3,18,14.7,32,14,61.33,202.4,16.21
131,42483,2016,5,12,22.0,8.8,43.2,27.7,5.0,989.2,998.4,29,22.5,5,9,43.06,171.13,12.26
132,42483,2016,5,13,23.05,10.2,40.2,29.0,6.0,989.4,999.1,37,25.9,5,6,91.08,176.58,13.69
133,42483,2016,5,14,21.78,8.0,41.2,26.0,4.0,991.0,1000.3,24,13.7,34,4,67.91,210.96,15.39
134,42483,2016,5,15,22.56,9.7,39.0,25.6,4.0,992.0,1001.2,25,19.6,34,6,61.75,190.88,11.62
135,42483,2016,5,16,23.2,10.0,39.4,28.6,5.6,993.8,1003.0,27,20.8,2,6,104.12,209.63,15.4
136,42483,2016,5,17,21.33,9.5,40.9,28.2,3.8,992.3,1001.5,33,25.0,2,8,162.58,284.52,16.39
137,42483,2016,5,18,19.71,6.3,38.8,25.0,4.8,990.3,999.5,40,28.4,5,12,66.35,367.42,22.33
138,42483,2016,5,19,23.07,9.7,34.2,25.4,3.7,990.6,999.9,47,24.5,9,8,89.31,241.14,11.45
139,42483,2016,5,20,23.23,9.4,38.5,29.8,3.8,987.0,998.4,45,19.1,7,12,40.99,249.43,8.55
140,42483,2016,5,21,23.51,8.4,40.9,27.8,4.6,987.0,996.3,40,22.5,5,14,29.27,159.97,8.7
141,42483,2016,5,22,22.45,9.5,43.2,27.6,7.0,989.0,998.2,33,24.1,29,12,20.4,143.84,11.58
142,42483,2016,5,23,25.06,10.6,45.7,28.4,7.0,991.5,1000.8,39,22.2,29,12,40.28,123.58,14.25
143,42483,2016,5,24,25.0,10.9,46.1,30.3,6.6,989.3,998.5,33,22.5,29,14,39.4,139.11,14.46
144,42483,2016,5,25,22.97,9.2,44.9,27.4,5.2,988.7,997.9,34,24.5,5,14,136.23,331.33,18.43
145,42483,2016,5,26,19.87,7.0,42.2,29.8,6.0,991.3,1000.6,49,26.7,5,12,91.5,205.75,22.98
146,42483,2016,5,27,25.01,10.4,42.1,30.6,2.4,991.6,1001.0,57,26.1,5,18,44.7,184.55,18.17
147,42483,2016,5,28,26.06,11.3,41.5,29.1,6.2,990.3,999.6,39,23.4,32,8,68.43,355.83,19.49
148,42483,2016,5,29,27.23,11.5,43.0,29.0,6.8,989.8,999.0,37,25.2,5,10,83.02,146.45,12.98
149,42483,2016,5,30,4.78,8.4,44.2,27.0,7.0,990.1,999.4,33,19.5,2,18,163.26,410.67,8.44
150,42483,2016,5,31,0.94,9.5,38.8,27.0,6.0,987.1,996.4,31,19.3,29,8,82.14,124.77,16.14
151,42483,2016,6,1,9.33,11.2,43.1,27.1,6.0,988.4,997.6,33,22.1,5,12,72.83,229.47,21.14
152,42483,2016,6,2,3.02,11.3,43.4,28.2,6.0,989.3,998.5,28,20.6,2,8,111.37,210.82,17.7
153,42483,2016,6,3,4.26,8.4,43.0,29.6,6.0,989.9,999.1,37,34.7,5,12,98.58,161.51,12.69
154,42483,2016,6,4,6.11,8.4,41.4,27.8,5.0,987.9,997.1,20,14.8,32,14,55.39,152.02,11.17
155,42483,2016,6,5,0.0,9.2,42.3,30.3,7.2,987.9,997.0,18,14.9,36,12,46.2,156.57,10.14
156,42483,2016,6,6,0.0,4.6,43.0,28.5,6.2,987.5,996.6,26,21.4,32,10,36.8,140.51,10.1
157,42483,2016,6,7,6.99,10.4,35.4,27.6,3.0,988.2,997.5,34,22.7,5,18,87.39,195.12,12.79
158,42483,2016,6,8,8.57,11.3,39.0,28.0,3.9,986.8,996.0,38,24.2,7,14,46.95,204.36,12.08
159,42483,2016,6,9,7.27,11.3,38.8,29.6,4.0,986.2,995.5,39,22.8,5,14,27.54,86.02,16.07
160,42483,2016,6,10,7.21,8.0,41.2,30.7,8.0,985.2,994.4,39,25.6,2,6,41.5,122.12,15.25
161,42483,2016,6,11,5.22,9.7,41.8,30.5,5.8,985.4,994.6,36,25.0,32,10,55.17,168.37,18.06
162,42483,2016,6,12,5.96,10.3,42.0,30.2,5.5,987.3,996.5,39,26.2,2,8,53.03,235.46,18.82
163,42483,2016,6,13,3.31,6.0,43.3,30.0,6.2,986.4,995.6,42,27.5,9,12,46.48,190.14,15.75
164,42483,2016,6,14,7.87,1.0,40.0,28.1,4.0,986.4,995.8,56,27.2,32,10,112.91,408.84,20.82
165,42483,2016,6,15,7.18,10.6,37.6,27.3,3.2,986.7,996.1,67,31.3,2,16,115.96,428.2,24.46
166,42483,2016,6,16,7.38,10.2,37.6,29.4,4.0,984.4,993.7,62,30.3,2,18,635.21,326.72,20.62
167,42483,2016,6,17,6.52,10.9,40.2,29.4,4.8,985.6,995.1,97,30.0,32,6,77.54,108.54,16.13
168,42483,2016,6,18,6.97,10.5,39.4,27.5,6.6,986.3,995.8,73,30.9,2,14,71.81,81.23,12.11
169,42483,2016,6,19,8.38,11.3,38.0,30.0,4.0,984.8,994.3,95,31.4,2,26,66.01,99.55,11.14
170,42483,2016,6,20,5.11,9.9,43.0,29.6,6.2,981.9,991.4,95,34.8,5,18,23.14,82.6,10.1
171,42483,2016,6,21,6.25,9.8,38.0,29.4,4.6,983.8,993.2,79,33.4,14,4,41.3,118.66,14.08
172,42483,2016,6,22,8.72,10.3,39.2,29.0,4.4,984.2,993.7,62,31.7,11,6,39.0,122.39,15.49
173,42483,2016,6,23,7.22,10.8,40.0,29.2,6.0,984.8,994.1,66,31.5,23,4,111.38,236.51,12.12
174,42483,2016,6,24,4.77,10.3,40.0,29.6,7.0,984.5,993.8,57,30.9,29,8,79.49,113.85,16.08
175,42483,2016,6,25,4.16,6.8,40.2,29.6,6.1,985.1,994.5,69,34.0,9,10,32.29,123.08,16.05
176,42483,2016,6,26,4.1,5.9,39.2,30.8,6.0,984.8,994.2,73,35.4,11,22,47.5,123.51,14.6
177,42483,2016,6,27,2.54,4.3,38.7,29.1,5.0,984.4,993.7,75,34.4,18,12,47.33,107.84,13.6
178,42483,2016,6,28,4.04,3.5,40.2,29.6,6.4,983.9,993.3,92,35.6,9,12,42.12,99.52,12.46
179,42483,2016,6,29,0.0,2.3,41.6,30.8,6.0,986.1,995.6,89,22.4,20,6,23.67,89.23,10.93
180,42483,2016,6,30,0.0,0.4,41.6,31.7,1.6,986.4,995.9,79,32.4,25,14,21.87,85.09,11.62
181,42483,2016,7,1,18.16,5.8,35.2,24.8,3.6,987.7,997.2,72,32.4,23,12,22.6,83.74,12.32
182,42483,2016,7,2,23.98,8.9,34.7,24.6,3.5,986.7,996.0,60,32.4,27,12,21.2,86.53,11.45
183,42483,2016,7,3,18.34,1.7,35.6,25.1,4.0,988.1,997.4,62,33.8,23,8,29.69,71.44,12.66
184,42483,2016,7,4,15.47,0.8,33.2,25.6,1.4,990.6,1000.1,89,33.6,23,4,64.85,55.58,11.65
185,42483,2016,7,5,13.11,1.6,36.2,27.5,1.7,990.6,1000.2,100,33.6,9,8,12.06,20.52,11.87
186,42483,2016,7,6,25.35,11.7,35.3,28.6,3.1,990.0,999.3,60,30.5,9,18,15.1,25.32,11.77
187,42483,2016,7,7,23.7,11.0,36.8,28.4,2.4,990.2,999.5,64,32.8,9,12,14.1,28.22,10.15
188,42483,2016,7,8,20.25,6.7,32.7,29.3,3.0,991.2,1000.7,82,34.6,32,2,25.51,52.76,10.17
189,42483,2016,7,9,21.87,9.1,31.0,26.0,1.2,989.3,999.4,81,36.9,0,0,37.02,85.33,9.73
190,42483,2016,7,10,19.35,7.8,32.8,24.6,1.3,988.6,998.1,75,32.1,25,8,24.83,92.5,9.43
191,42483,2016,7,11,21.84,7.3,34.0,25.8,2.0,986.9,996.2,59,32.4,27,6,22.45,52.41,9.31
192,42483,2016,7,12,21.32,8.9,35.4,27.1,3.4,986.2,995.5,65,34.2,20,8,25.88,62.8,8.87
193,42483,2016,7,13,22.85,9.5,35.2,28.0,3.8,984.9,994.1,62,35.9,9,14,12.62,132.63,8.27
194,42483,2016,7,14,26.12,11.5,34.9,25.1,2.8,984.7,994.1,55,31.2,11,14,32.4,145.57,13.13
195,42483,2016,7,15,23.17,9.7,36.3,26.3,2.6,985.2,994.5,61,34.0,11,22,26.42,139.58,13.27
196,42483,2016,7,16,14.44,3.2,34.3,27.0,3.5,985.0,994.7,85,34.4,20,6,20.25,124.83,12.79
197,42483,2016,7,17,18.38,5.0,31.1,25.8,3.1,985.7,995.1,73,34.4,18,18,24.79,37.98,13.63
198,42483,2016,7,18,11.71,1.6,35.4,26.2,2.8,985.1,994.6,81,34.8,18,4,39.62,25.83,10.76
199,42483,2016,7,19,12.28,1.8,35.0,26.5,3.6,984.1,993.5,77,31.9,23,8,29.63,112.2,13.67
200,42483,2016,7,20,6.11,0.0,35.6,28.4,3.3,984.3,993.7,89,35.9,7,12,22.37,51.46,12.24
201,42483,2016,7,21,17.41,4.4,34.0,27.6,3.2,983.2,992.7,80,35.9,9,8,36.12,87.06,13.97
202,42483,2016,7,22,15.06,4.0,34.6,25.2,3.2,982.4,991.8,85,35.2,9,18,38.48,109.38,13.92
203,42483,2016,7,23,15.73,2.0,34.7,25.9,2.8,986.7,996.2,79,32.0,11,16,37.59,114.36,13.69
204,42483,2016,7,24,14.15,1.4,34.4,26.0,2.9,990.5,1000.0,74,31.8,11,10,20.27,55.46,9.37
205,42483,2016,7,25,23.93,9.9,34.7,24.5,3.9,992.1,1001.4,64,33.2,9,10,45.67,109.43,11.47
206,42483,2016,7,26,24.69,10.0,35.0,27.6,4.0,992.9,1002.4,77,34.2,29,8,39.0,86.93,10.58
207,42483,2016,7,0,1.5,2.0,34.2,26.5,3.8,990.9,1000.2,67,34.2,32,6,67.04,48.35,10.03
208,42483,2016,7,0,6.6,2.0,34.8,26.9,4.8,990.3,999.9,100,32.4,32,2,26.41,36.11,12.1
209,42483,2016,7,29,19.05,5.1,35.5,26.7,3.8,988.8,998.2,74,33.8,5,4,115.67,150.55,12.72
210,42483,2016,7,30,15.31,3.7,36.4,26.2,4.0,987.4,996.9,89,34.4,0,0,89.68,78.52,12.01
211,42483,2016,7,31,11.76,1.3,37.9,28.1,4.0,986.4,995.8,77,36.0,5,6,69.87,49.67,12.66
212,42483,2016,8,1,14.33,4.1,37.6,27.6,4.6,986.1,995.5,80,36.9,29,6,40.53,68.69,13.47
213,42483,2016,8,2,14.21,3.1,35.5,25.7,2.0,986.6,996.0,88,40.5,32,10,154.89,220.07,11.49
214,42483,2016,8,3,21.22,9.3,28.9,25.6,3.7,981.6,997.2,95,34.0,11,6,78.98,47.37,10.34
215,42483,2016,8,4,17.73,5.0,34.8,26.8,4.3,986.3,995.8,85,31.1,2,8,182.12,204.15,9.34
216,42483,2016,8,5,8.24,2.1,33.4,28.8,3.8,985.9,995.4,92,34.4,25,4,113.62,138.0,9.56
217,42483,2016,8,6,9.24,0.0,33.4,26.0,3.0,985.2,994.6,89,33.6,23,4,58.7,62.72,9.03
218,42483,2016,8,7,14.42,2.4,35.0,26.0,2.2,985.3,994.8,89,36.7,9,12,60.77,140.82,8.34
219,42483,2016,8,8,10.53,1.3,34.6,26.8,2.6,986.2,995.7,91,35.8,11,14,61.37,46.39,7.82
220,42483,2016,8,9,7.58,0.0,33.8,25.2,3.0,988.7,997.6,94,35.4,11,10,19.36,31.4,11.56
221,42483,2016,8,10,8.51,0.2,32.9,25.0,2.5,988.6,998.1,97,36.5,9,2,28.92,57.03,14.52
222,42483,2016,8,11,18.61,7.4,32.6,26.5,3.0,987.9,997.4,95,34.8,23,4,35.5,105.66,14.85
223,42483,2016,8,12,14.07,2.6,33.2,26.2,2.3,986.2,995.6,74,33.4,7,14,60.94,62.89,7.96
224,42483,2016,8,13,22.66,10.8,31.1,25.8,2.3,985.8,995.3,81,33.0,9,18,9.78,13.01,6.55
225,42483,2016,8,14,23.53,9.7,30.5,25.3,1.8,990.7,1000.2,85,36.1,11,6,27.93,35.82,11.25
226,42483,2016,8,15,22.38,9.8,32.8,25.3,1.2,991.6,1001.1,97,37.5,18,4,23.52,28.11,10.08
227,42483,2016,8,16,21.87,8.9,34.4,25.3,2.2,989.6,999.0,74,36.0,29,6,23.84,20.47,10.49
228,42483,2016,8,17,12.97,2.0,33.3,26.5,3.1,989.8,994.4,97,34.2,18,6,25.03,29.96,10.96
229,42483,2016,8,18,20.39,7.4,34.4,26.2,2.4,990.3,999.8,98,35.4,18,4,19.57,21.92,11.88
230,42483,2016,8,19,13.79,2.9,34.0,25.8,1.6,992.0,1001.5,74,31.4,9,14,159.6,285.69,6.5
231,42483,2016,8,20,23.11,11.0,34.5,27.4,2.2,992.8,1002.2,69,33.2,9,12,65.4,120.99,12.41
232,42483,2016,8,21,23.03,10.5,34.6,28.0,3.4,991.6,1000.9,67,35.4,23,4,78.99,190.48,16.74
233,42483,2016,8,22,19.36,8.0,34.9,27.4,3.0,992.4,1001.7,67,35.4,23,6,64.52,73.85,13.22
234,42483,2016,8,23,9.19,1.4,33.0,27.6,4.0,993.0,1002.5,75,31.6,5,6,60.06,29.43,11.64
235,42483,2016,8,24,21.64,9.0,34.5,26.8,2.2,991.2,1000.6,67,32.4,7,14,17.63,32.97,12.68
236,42483,2016,8,25,12.78,1.3,34.5,25.8,3.1,991.5,1001.0,80,35.8,5,12,75.97,59.43,13.77
237,42483,2016,8,26,17.96,8.8,35.6,27.6,2.4,989.8,999.3,74,32.6,9,12,49.03,142.83,26.44
238,42483,2016,8,27,22.37,11.7,35.4,28.0,4.0,989.8,999.2,65,32.4,7,14,72.17,78.11,25.43
239,42483,2016,8,28,22.38,10.5,34.4,27.7,3.8,989.2,998.6,66,33.0,7,14,29.63,85.12,20.07
240,42483,2016,8,29,22.5,11.5,34.2,27.4,3.8,990.5,999.9,66,33.0,9,14,37.82,125.87,27.88
241,42483,2016,8,30,22.32,11.3,34.5,27.3,3.6,990.9,1000.2,66,33.6,11,14,60.16,178.5,18.81
242,42483,2016,8,31,24.18,11.6,35.4,26.1,2.6,990.1,999.4,65,33.4,11,14,44.35,132.36,15.14
243,42483,2016,9,1,22.91,10.8,33.5,27.0,3.0,988.1,997.5,63,31.1,7,18,34.71,118.53,14.47
244,42483,2016,9,2,7.79,0.7,30.2,23.3,2.0,987.3,996.8,81,31.8,11,22,77.37,90.83,14.5
246,42483,2016,9,4,21.75,10.9,33.3,25.7,2.2,990.6,1000.1,69,33.2,9,14,20.96,44.0,9.24
251,42483,2016,9,9,13.94,4.4,31.8,24.3,1.0,990.5,1000.0,82,33.6,5,14,31.92,50.38,13.28
252,42483,2016,9,10,12.42,1.3,32.0,25.5,2.4,989.6,999.1,82,33.6,11,18,84.12,103.38,12.89
253,42483,2016,9,11,20.38,5.6,33.6,23.5,2.7,990.1,999.6,85,36.1,11,8,58.51,177.84,13.36
254,42483,2016,9,12,19.96,6.1,34.1,25.6,1.8,991.6,1001.0,75,34.0,5,10,51.69,169.37,11.82
255,42483,2016,9,13,16.86,2.3,35.0,25.0,2.2,990.3,999.6,68,36.9,2,4,36.9,96.61,8.63
256,42483,2016,9,14,7.19,0.0,34.8,24.4,3.2,990.3,999.8,86,32.4,9,10,28.03,65.65,6.83
257,42483,2016,9,15,11.75,0.0,33.6,24.0,2.8,989.6,999.1,80,34.6,9,8,37.22,182.25,8.26
258,42483,2016,9,16,19.73,7.2,34.9,24.7,3.2,990.8,1000.4,98,32.2,18,6,47.45,143.04,10.07
259,42483,2016,9,17,11.99,2.0,35.0,24.3,2.6,988.2,997.7,91,37.4,29,8,37.8,113.53,11.69
260,42483,2016,9,18,15.55,5.1,34.5,23.5,3.5,990.8,1000.3,94,35.9,29,8,33.81,88.33,8.79
261,42483,2016,9,19,14.63,4.8,34.9,22.5,3.0,992.9,1002.4,81,35.2,0,0,68.65,64.92,7.41
262,42483,2016,9,20,18.3,7.4,34.3,23.5,2.8,993.5,1003.0,81,34.0,11,8,51.61,172.84,14.09
263,42483,2016,9,21,15.22,5.7,35.6,23.5,2.2,991.5,1001.0,75,33.0,32,10,91.7,245.63,15.62
264,42483,2016,9,22,6.64,0.0,35.9,24.4,3.0,992.9,1002.4,91,34.2,36,8,41.61,90.0,10.47
265,42483,2016,9,23,3.26,0.0,34.6,24.6,3.6,991.0,1000.5,74,32.6,2,14,27.55,59.38,7.46
266,42483,2016,9,24,2.3,0.0,34.8,24.2,3.5,990.4,999.9,98,33.8,36,14,33.42,76.08,6.45
267,42483,2016,9,25,2.76,0.0,35.0,23.2,2.2,993.2,1002.8,98,33.8,32,12,40.77,35.08,6.04
268,42483,2016,9,26,13.06,3.9,34.2,24.8,3.5,995.0,1004.5,78,32.4,29,10,17.62,26.87,5.22
269,42483,2016,9,27,18.4,6.9,33.1,24.1,2.9,994.3,1003.8,78,32.4,27,6,24.72,36.27,5.24
270,42483,2016,9,28,19.57,7.7,31.4,23.2,1.5,994.3,1003.8,74,31.4,27,8,36.08,70.89,7.4
271,42483,2016,9,29,19.66,5.9,34.6,23.2,2.2,994.9,1004.4,74,31.4,27,10,13.1,18.3,5.86
272,42483,2016,9,30,20.19,9.3,36.7,23.0,3.2,995.0,1004.6,73,31.6,29,8,21.21,33.86,6.36
273,42483,2016,10,1,21.39,9.0,36.2,21.6,2.4,993.8,1003.3,65,28.3,27,8,37.55,63.38,6.94
274,42483,2016,10,2,20.55,8.7,35.3,20.5,1.5,993.9,1003.4,71,30.3,29,8,41.07,94.75,6.98
275,42483,2016,10,3,20.66,9.3,35.6,20.7,1.8,994.8,1004.3,63,27.6,27,6,75.01,88.6,6.75
276,42483,2016,10,4,17.25,8.2,33.8,21.2,2.8,995.8,1005.4,66,29.1,29,8,47.62,127.85,10.29
277,42483,2016,10,5,14.94,5.7,33.5,25.0,2.2,998.3,1007.9,72,32.4,5,6,62.78,172.07,14.37
278,42483,2016,10,6,18.87,8.5,31.2,24.6,2.6,998.8,1008.4,73,31.3,2,4,85.82,151.01,21.85
279,42483,2016,10,7,16.91,7.5,31.5,23.8,2.0,998.0,1007.6,69,29.7,0,0,56.44,171.86,14.94
280,42483,2016,10,8,17.76,7.7,31.0,25.0,1.9,998.3,1007.9,72,31.0,5,8,119.51,101.75,9.7
281,42483,2016,10,9,16.87,7.7,33.5,24.7,1.6,998.7,1008.3,76,32.8,34,8,32.95,74.92,9.68
282,42483,2016,10,10,17.05,7.1,33.3,24.1,1.8,1000.3,1009.9,70,30.5,5,6,61.12,52.42,8.15
283,42483,2016,10,11,16.86,7.9,29.9,23.8,2.2,1000.6,1010.2,70,30.2,29,6,41.86,144.57,14.13
284,42483,2016,10,12,17.82,8.4,32.2,22.0,1.8,999.0,1008.6,75,28.9,32,8,89.49,237.43,16.0
285,42483,2016,10,13,17.97,8.5,32.7,21.8,1.9,997.3,1006.9,65,26.7,27,6,114.3,287.4,16.63
286,42483,2016,10,14,18.46,9.0,34.9,21.6,2.0,997.1,1006.7,63,26.9,27,8,118.56,230.91,19.26
287,42483,2016,10,15,17.97,8.6,33.8,19.8,1.6,997.0,1006.6,59,24.4,29,10,145.01,364.58,19.04
288,42483,2016,10,16,18.44,8.9,31.6,17.0,1.6,997.8,1007.4,57,23.1,34,8,75.4,238.16,17.12
289,42483,2016,10,17,18.1,9.7,32.1,16.7,2.9,998.3,1007.9,58,23.2,2,4,104.16,271.65,25.3
290,42483,2016,10,18,12.67,4.0,32.0,17.2,1.8,998.1,1007.7,65,25.1,32,8,156.97,270.86,26.05
291,42483,2016,10,19,17.25,8.6,31.9,15.4,1.7,996.8,1006.4,57,21.6,29,6,120.7,288.2,25.96
292,42483,2016,10,20,16.35,8.4,29.8,14.3,2.0,997.4,1007.0,54,21.0,9,6,161.73,307.21,30.37
293,42483,2016,10,21,14.59,7.9,23.6,18.0,1.5,997.0,1006.6,76,29.1,11,8,126.3,272.43,29.68
294,42483,2016,10,22,15.2,7.4,30.2,17.1,0.8,999.1,1009.7,74,28.1,2,6,185.05,295.19,27.21
295,42483,2016,10,23,15.56,7.9,30.5,16.3,2.0,1000.7,1010.3,62,23.2,29,6,174.96,234.31,19.58
297,42483,2016,10,25,14.57,8.0,31.9,16.8,2.2,999.7,1009.3,67,26.1,36,6,107.27,282.11,13.21
298,42483,2016,10,26,14.71,7.3,31.6,16.2,1.9,1000.6,1010.1,63,22.9,29,6,155.54,407.48,19.29
299,42483,2016,10,27,14.98,7.4,31.4,15.6,1.6,1001.4,1011.1,62,21.7,29,4,206.27,423.55,20.63
300,42483,2016,10,28,16.02,8.7,32.6,17.3,1.6,1001.6,1011.3,68,22.2,32,6,216.49,427.52,21.94
301,42483,2016,10,29,16.79,8.8,32.1,18.2,1.8,1000.6,1010.4,54,17.0,29,6,138.54,323.5,22.41
302,42483,2016,10,30,15.63,8.1,33.9,20.7,1.8,1000.0,1009.8,77,24.1,0,0,140.59,311.5,20.65
303,42483,2016,10,31,14.29,7.3,31.2,22.7,1.7,1000.8,1010.5,62,20.5,0,0,271.63,306.94,20.43
304,42483,2016,11,1,13.55,6.1,31.8,19.4,1.9,1000.4,1010.1,65,21.0,0,0,465.43,425.49,20.38
305,42483,2016,11,2,14.8,6.4,30.9,16.4,1.6,999.4,1009.1,55,17.8,25,6,163.53,303.69,20.77
306,42483,2016,11,3,15.57,8.7,31.1,15.1,1.6,997.6,1009.3,59,20.0,32,4,188.77,350.95,25.07
307,42483,2016,11,4,13.99,7.7,31.7,17.0,1.8,1001.0,1010.7,70,22.9,27,4,172.05,344.33,26.94
308,42483,2016,11,5,15.58,8.1,32.0,17.6,1.8,1000.6,1010.3,55,18.8,29,4,125.84,291.15,16.17
309,42483,2016,11,6,13.43,6.0,32.0,18.6,1.6,999.9,1009.6,66,21.5,23,6,191.5,332.18,25.7
310,42483,2016,11,7,14.75,7.6,32.6,19.5,1.6,1001.3,1011.0,63,20.4,29,4,195.78,350.93,23.58
311,42483,2016,11,8,14.76,8.0,30.0,18.6,1.4,1001.6,1011.4,59,17.7,29,6,327.92,544.42,27.42
312,42483,2016,11,9,14.23,7.6,30.4,17.6,1.1,1001.0,1010.8,63,19.4,0,0,261.5,447.46,26.69
313,42483,2016,11,10,12.98,6.1,30.4,18.4,1.0,1000.6,1010.4,68,21.6,0,0,378.52,586.45,27.5
314,42483,2016,11,11,13.19,6.6,29.1,14.1,2.2,999.6,1009.3,64,20.8,0,0,252.77,437.45,27.55
315,42483,2016,11,12,12.98,7.5,28.8,14.6,1.4,1000.8,1010.5,67,22.4,0,0,294.09,338.6,25.82
316,42483,2016,11,13,13.2,5.6,30.0,16.3,1.1,1002.0,1011.7,60,19.1,32,4,195.51,419.42,28.1
317,42483,2016,11,14,14.79,9.1,30.0,16.0,1.4,1003.3,1013.1,71,22.0,2,6,261.26,419.9,27.33
318,42483,2016,11,15,11.53,8.0,29.1,17.0,1.6,1003.4,1013.2,78,22.1,0,0,212.22,377.72,27.74
319,42483,2016,11,16,14.43,8.1,29.7,17.1,1.4,1001.5,1011.2,61,19.6,27,6,174.08,384.84,28.18
320,42483,2016,11,17,15.47,9.0,26.8,18.6,2.0,1001.4,1011.1,64,21.1,0,0,184.82,423.45,30.33
321,42483,2016,11,18,13.5,7.4,27.9,15.4,0.8,1001.3,1011.1,68,21.0,2,8,203.93,381.7,29.17
322,42483,2016,11,19,12.04,5.7,26.7,12.6,1.0,1003.0,1012.8,74,22.2,5,8,203.37,482.09,30.27
323,42483,2016,11,20,13.07,5.7,25.8,9.6,1.2,1005.1,1015.0,72,21.8,7,8,222.31,442.22,34.15
324,42483,2016,11,21,13.95,8.4,25.8,9.6,1.2,1005.6,1015.5,69,20.8,0,0,260.91,456.24,33.98
325,42483,2016,11,22,13.26,7.4,25.4,9.2,1.4,1004.4,1014.2,72,21.6,2,4,306.74,502.82,37.13
326,42483,2016,11,23,13.88,8.2,25.7,9.5,1.3,1004.9,1014.7,62,18.6,0,0,162.13,356.87,32.4
327,42483,2016,11,24,14.71,9.0,24.6,8.6,2.0,1004.8,1014.6,62,19.5,0,0,102.26,250.48,26.74
328,42483,2016,11,25,13.75,8.8,24.2,9.0,1.6,1003.1,1012.9,65,12.7,0,0,253.97,480.1,38.35
329,42483,2016,11,26,12.75,6.9,25.4,11.6,1.4,1002.9,1012.7,69,19.0,23,4,155.11,353.9,30.37
330,42483,2016,11,27,13.23,7.5,25.9,12.5,1.3,1002.2,1012.0,64,17.4,32,4,148.8,377.8,33.49
331,42483,2016,11,28,11.31,5.3,29.0,17.6,1.6,1000.5,1010.3,67,17.1,29,4,358.29,464.52,35.8
332,42483,2016,11,29,12.14,5.2,29.4,15.6,1.6,1000.2,1010.1,62,15.6,27,6,225.76,454.95,34.65
333,42483,2016,11,30,11.65,5.4,26.4,13.6,1.6,1001.0,1010.9,72,17.8,29,4,353.25,552.03,36.12
334,42483,2016,12,1,11.12,5.0,23.3,10.2,1.3,1001.9,1011.8,67,17.2,0,0,539.44,615.23,28.94
335,42483,2016,12,2,11.39,5.6,25.2,9.1,1.6,1000.5,1010.3,68,19.1,0,0,317.31,397.73,26.9
336,42483,2016,12,3,11.97,6.7,25.2,8.6,1.6,998.7,1008.5,73,20.8,27,4,269.03,354.63,19.02
337,42483,2016,12,4,12.27,6.8,23.9,9.2,1.6,999.2,1009.0,68,19.7,27,4,230.22,291.76,16.2
338,42483,2016,12,5,12.87,7.8,24.4,7.7,1.4,1001.2,1011.0,67,19.0,27,2,178.17,246.89,15.14
339,42483,2016,12,6,13.53,7.4,24.7,8.9,1.1,1002.5,1012.3,65,18.3,2,4,302.35,382.12,25.59
340,42483,2016,12,7,9.32,5.2,26.0,9.0,1.1,1003.5,1013.4,85,20.6,36,8,239.81,470.78,21.02
341,42483,2016,12,8,8.5,3.3,26.5,9.0,1.3,1002.8,1012.7,85,19.9,2,6,244.05,383.73,22.4
342,42483,2016,12,9,11.22,5.2,24.8,8.2,0.0,1002.7,1012.6,81,19.2,2,8,422.19,640.62,20.99
343,42483,2016,12,10,10.14,4.8,25.0,8.2,1.6,1002.0,1011.8,71,19.0,0,0,463.0,306.11,16.54
348,42483,2016,12,15,9.41,2.6,24.2,6.8,1.2,1005.6,1015.7,79,14.8,27,4,336.1,484.16,27.63
349,42483,2016,12,16,12.13,6.3,24.2,7.0,1.3,1006.3,1016.5,84,14.0,34,4,198.89,281.34,19.54
350,42483,2016,12,17,11.05,4.7,25.8,8.0,1.3,1005.9,1016.0,79,14.5,2,6,238.65,378.55,30.55
351,42483,2016,12,18,5.25,1.1,27.2,9.8,1.3,1007.5,1017.9,93,12.8,34,6,306.11,332.66,24.85
353,42483,2016,12,20,8.86,0.0,28.6,12.6,1.8,1006.0,1016.3,88,12.7,0,0,249.82,297.75,26.73
354,42483,2016,12,21,6.09,0.0,20.6,14.0,1.0,1004.9,1015.3,95,11.9,0,0,211.97,286.9,24.61
355,42483,2016,12,22,10.16,0.0,21.2,10.0,1.7,1005.1,1015.3,84,13.3,0,0,298.53,306.79,24.42
356,42483,2016,12,23,10.51,4.0,14.9,4.9,1.1,1003.1,1013.1,65,12.9,29,4,400.94,385.53,27.22
357,42483,2016,12,24,12.75,6.9,15.4,3.0,0.7,1002.7,1012.7,67,13.2,27,6,448.55,416.64,26.57
358,42483,2016,12,25,13.6,8.1,18.0,4.2,1.1,1003.6,1013.6,61,12.2,27,4,483.58,448.88,27.44
359,42483,2016,12,26,13.36,7.4,15.2,6.6,1.0,1003.8,1013.8,61,12.2,0,0,449.82,384.82,23.48
360,42483,2016,12,27,12.31,6.8,10.8,2.6,1.0,1003.6,1013.6,60,12.0,0,0,308.54,255.62,16.95
361,42483,2016,12,28,12.74,6.9,13.4,4.1,0.2,1005.4,1015.5,66,14.1,32,4,301.56,444.0,18.93
362,42483,2016,12,29,12.33,7.3,12.3,5.0,0.3,1005.4,1015.4,55,12.8,0,0,332.04,430.26,19.28
363,42483,2016,12,30,11.6,7.1,14.4,4.0,0.3,1006.0,1016.0,60,14.9,5,6,241.08,256.55,15.79
364,42483,2016,12,31,10.92,5.2,14.8,3.2,0.4,1005.5,1015.4,66,17.9,7,8,447.91,602.59,21.81
365,42483,2017,1,1,1.71,0.0,21.1,3.4,0.6,1003.2,1013.2,98,19.5,27,14,265.1,301.07,17.25
366,42483,2017,1,2,2.22,0.0,24.0,4.9,1.0,1004.4,1014.4,98,18.2,2,6,166.55,213.69,13.81
367,42483,2017,1,3,11.38,5.3,26.8,7.6,0.9,1004.1,1014.1,80,16.8,29,4,180.03,260.96,17.09
368,42483,2017,1,4,11.76,5.6,25.4,11.0,1.6,1004.1,1014.1,74,16.2,0,0,256.68,303.81,18.48
369,42483,2017,1,5,12.85,6.8,21.6,11.0,1.2,1004.1,1014.0,76,17.3,2,4,217.26,317.04,18.63
370,42483,2017,1,6,10.36,3.8,22.1,6.5,2.0,1005.3,1015.4,88,18.5,7,10,237.09,310.83,18.89
371,42483,2017,1,7,4.34,0.0,25.6,6.5,1.8,1007.1,1017.2,94,18.1,7,12,264.48,274.8,16.29
372,42483,2017,1,8,3.18,0.0,24.6,7.0,1.8,1006.1,1016.1,96,18.1,2,4,189.35,239.78,17.31
373,42483,2017,1,9,6.06,0.0,23.3,6.5,1.4,1008.0,1018.1,89,16.9,36,12,233.16,268.66,18.25
375,42483,2017,1,11,12.89,4.8,26.4,8.8,1.8,1008.0,1018.2,76,12.4,27,6,218.69,314.7,22.96
376,42483,2017,1,12,12.68,5.0,27.6,8.7,1.8,1006.3,1016.4,71,12.5,27,8,118.02,261.12,20.62
377,42483,2017,1,13,14.58,8.6,28.4,10.4,1.8,1006.4,1016.5,72,13.6,27,10,166.23,304.28,22.23
378,42483,2017,1,14,15.08,8.7,25.0,11.6,1.8,1004.6,1014.6,62,12.5,25,6,225.22,351.32,23.62
379,42483,2017,1,15,14.77,9.0,25.1,11.0,1.8,1001.9,1011.8,57,13.2,27,4,302.36,329.51,22.7
380,42483,2017,1,16,14.31,8.8,27.0,9.6,1.8,998.9,1008.8,59,14.4,5,8,272.61,465.46,30.83
381,42483,2017,1,17,11.23,4.6,24.0,8.4,0.0,999.2,1009.1,73,18.2,2,6,355.27,574.55,32.11
382,42483,2017,1,18,9.43,5.5,22.7,10.2,1.4,998.5,1008.4,65,15.3,7,10,435.8,642.45,29.33
383,42483,2017,1,19,12.12,5.8,24.7,10.6,1.2,999.8,1009.7,64,15.7,9,4,310.46,434.56,23.31
384,42483,2017,1,20,12.38,4.9,27.0,10.5,1.2,1004.0,1014.0,71,14.5,27,12,276.43,398.55,24.91
385,42483,2017,1,21,15.54,8.1,25.8,10.3,1.5,1004.9,1014.9,63,11.5,27,6,155.17,294.56,22.8
386,42483,2017,1,22,16.65,9.2,25.7,9.8,1.8,1005.2,1015.2,68,14.0,27,4,13.33,491.04,25.15
401,42483,2017,2,6,15.03,7.9,26.0,14.0,1.5,1003.0,1012.8,57,17.0,25,4,169.79,300.8,22.35
402,42483,2017,2,7,13.91,6.9,26.4,11.8,1.7,1001.1,1010.8,54,16.0,5,8,369.78,620.37,25.66
403,42483,2017,2,8,9.55,1.1,27.0,9.0,2.2,1000.8,1010.7,76,18.0,27,10,95.59,259.25,24.64
404,42483,2017,2,9,19.14,9.7,26.8,9.0,2.0,1004.6,1014.6,43,8.9,29,14,149.13,225.14,27.09
405,42483,2017,2,10,18.08,9.3,27.3,11.6,2.0,1003.6,1013.6,55,12.1,27,6,133.61,269.16,28.1
406,42483,2017,2,11,17.86,9.6,28.0,11.6,1.9,1004.3,1014.2,52,12.3,25,4,112.0,217.28,23.72
407,42483,2017,2,12,15.76,7.8,29.6,11.7,2.2,1003.5,1013.3,45,12.1,18,4,132.62,297.07,27.72
408,42483,2017,2,13,8.06,3.0,29.9,11.5,2.4,1002.6,1012.6,80,16.6,5,8,132.41,247.84,22.71
409,42483,2017,2,14,15.38,8.1,27.2,15.7,1.6,1002.3,1012.1,52,16.2,2,6,216.83,318.46,27.97
410,42483,2017,2,15,15.2,7.0,28.3,12.7,2.0,1001.0,1010.8,55,17.5,5,8,194.63,324.64,29.89
411,42483,2017,2,16,14.83,7.1,29.0,13.3,2.2,1001.4,1011.2,57,16.1,2,14,209.77,346.53,33.83
413,42483,2017,2,18,19.0,9.8,30.0,10.5,3.6,1003.0,1012.8,40,12.2,27,10,246.64,529.95,31.69
414,42483,2017,2,19,19.51,9.9,31.8,12.4,3.0,1001.5,1011.3,39,11.2,27,14,416.25,739.54,31.86
415,42483,2017,2,20,18.7,9.4,33.2,15.5,3.3,999.5,1009.3,41,12.6,23,6,232.63,411.11,32.83
416,42483,2017,2,21,18.22,9.4,31.0,16.7,3.4,998.5,1008.1,38,14.4,36,4,147.68,450.96,28.65
417,42483,2017,2,22,18.39,9.5,32.6,15.7,2.4,998.2,1007.8,44,18.6,27,8,87.04,299.07,30.09
418,42483,2017,2,23,19.04,10.0,32.3,15.3,2.8,998.1,1007.7,44,19.6,27,6,103.56,277.41,22.19
419,42483,2017,2,24,18.83,9.8,33.0,14.5,2.0,998.1,1007.7,44,19.1,36,4,122.98,238.36,17.6
420,42483,2017,2,25,16.91,8.5,33.1,15.3,4.4,998.3,1007.9,51,19.2,29,8,87.15,183.18,13.34
421,42483,2017,2,26,20.57,10.0,33.2,16.4,3.2,997.3,1007.1,38,11.5,29,10,78.55,225.9,19.73
422,42483,2017,2,27,20.66,10.2,33.4,15.5,2.9,997.9,1007.7,42,12.7,29,8,127.08,319.0,22.3
423,42483,2017,2,28,19.95,9.6,31.6,17.2,5.6,993.6,1003.2,41,14.4,27,8,103.53,244.99,24.04
424,42483,2017,2,29,21.15,9.9,31.6,14.7,5.4,996.1,1005.8,34,11.8,27,6,107.97,266.84,26.68
425,42483,2017,3,1,21.92,9.4,32.7,14.7,5.0,997.0,1006.6,36,13.3,29,8,261.89,633.86,26.14
426,42483,2017,3,2,21.82,9.3,34.2,14.1,3.4,994.6,1004.1,33,13.4,29,4,228.77,382.55,28.5
427,42483,2017,3,3,21.2,3.0,32.9,15.2,4.0,995.3,1004.9,30,12.4,27,8,121.44,315.83,25.86
429,42483,2017,3,5,19.18,8.1,36.2,17.0,4.0,995.3,1004.9,41,18.0,32,6,131.69,232.83,20.19
430,42483,2017,3,6,20.5,8.6,37.0,17.8,3.4,993.8,1003.5,40,18.2,29,8,81.02,215.32,21.91
431,42483,2017,3,7,16.19,7.4,39.6,19.4,4.0,993.7,1003.2,40,16.3,29,8,94.76,262.41,23.97
432,42483,2017,3,8,19.92,8.2,38.8,18.5,3.9,994.6,1004.1,32,12.6,36,4,88.01,225.13,18.9
433,42483,2017,3,9,21.4,8.6,37.3,19.6,4.4,997.1,1006.7,33,12.7,29,2,129.28,225.43,16.29
434,42483,2017,3,10,21.8,9.1,36.7,16.6,4.0,1000.7,1010.4,31,10.8,34,6,120.42,263.83,16.45
435,42483,2017,3,11,20.52,9.0,36.2,16.8,4.3,1001.3,1010.9,31,11.9,2,6,114.18,148.63,16.25
436,42483,2017,3,12,3.43,0.0,37.6,19.5,3.0,1002.3,1012.3,83,17.7,25,8,71.41,156.45,16.56
437,42483,2017,3,13,16.5,6.3,38.1,19.4,1.4,1001.1,1010.9,65,20.3,9,10,125.34,217.23,17.17
438,42483,2017,3,14,21.82,8.7,38.0,20.1,4.4,1002.9,1012.6,50,16.3,27,6,102.86,201.7,18.67
439,42483,2017,3,15,22.43,8.9,37.8,18.8,4.6,1001.2,1010.8,38,13.7,27,12,86.81,202.84,21.71
440,42483,2017,3,16,22.54,8.9,35.7,19.0,4.0,999.3,1008.9,38,15.3,27,8,148.6,253.5,29.29
441,42483,2017,3,17,20.97,8.7,35.1,18.5,2.7,997.2,1006.8,39,16.6,2,6,165.18,346.64,33.01
442,42483,2017,3,18,20.11,8.4,34.9,20.6,3.8,998.6,1008.2,44,19.1,34,8,130.61,269.52,27.78
444,42483,2017,3,20,21.02,8.7,38.1,19.0,4.0,997.7,1007.1,39,19.9,36,6,108.83,362.77,25.35
445,42483,2017,3,21,22.2,9.1,39.3,19.0,4.0,996.0,1005.4,38,20.8,27,10,71.31,235.06,24.79
446,42483,2017,3,22,24.43,8.9,39.3,19.3,4.0,999.1,1008.7,35,12.9,27,14,113.74,383.71,29.16
447,42483,2017,3,23,23.87,8.9,35.0,19.2,7.2,999.1,1008.7,30,12.6,29,10,180.86,499.64,22.05
448,42483,2017,3,24,22.89,8.8,36.5,15.0,5.4,998.9,1008.4,33,15.9,29,10,289.38,837.39,40.03
449,42483,2017,3,25,23.08,8.9,38.5,16.4,4.0,998.9,1008.3,31,15.5,29,10,224.28,490.88,35.97
450,42483,2017,3,26,22.24,8.5,39.8,19.6,1.2,998.9,1008.3,30,16.9,29,10,118.49,309.48,28.64
451,42483,2017,3,27,21.87,8.3,40.0,21.0,5.0,998.3,1007.7,32,19.3,2,8,146.05,380.63,31.79
454,42483,2017,3,30,23.2,8.9,40.5,21.1,3.8,996.8,1006.2,29,15.2,32,14,236.78,599.08,28.14
455,42483,2017,3,31,23.12,8.9,39.4,23.4,6.0,998.4,1007.8,29,17.1,2,10,142.02,324.8,27.6
456,42483,2017,4,1,22.46,9.1,35.4,22.0,4.3,997.1,1006.5,32,19.0,34,4,104.07,315.02,27.35
457,42483,2017,4,2,21.99,9.0,38.0,21.0,3.0,997.2,1006.6,28,17.0,2,8,103.84,297.52,28.03
458,42483,2017,4,3,21.38,8.8,40.0,20.8,3.0,997.2,1006.5,32,20.0,29,6,150.18,399.97,31.73
459,42483,2017,4,4,20.58,8.6,40.8,22.3,4.4,994.4,1003.6,32,20.6,5,12,102.96,307.96,23.64
460,42483,2017,4,5,11.93,4.1,42.4,22.4,5.0,995.4,1005.3,67,24.5,11,6,114.21,206.28,10.78
462,42483,2017,4,7,24.2,9.3,37.0,21.0,3.1,992.9,1002.3,36,20.8,7,6,201.31,650.26,15.7
463,42483,2017,4,8,22.77,8.6,39.2,21.8,7.2,991.9,1001.3,37,22.0,36,10,177.61,540.29,14.77
464,42483,2017,4,9,22.47,8.9,39.8,21.4,5.6,993.9,1003.3,34,20.0,29,12,127.05,398.41,17.72
465,42483,2017,4,10,23.31,8.6,40.0,21.7,5.4,992.3,1001.6,38,22.7,5,14,86.75,314.7,14.83
466,42483,2017,4,11,21.55,8.0,40.6,20.9,4.4,993.4,1002.8,43,21.1,9,12,69.42,362.6,25.54
467,42483,2017,4,12,25.06,9.5,41.8,22.3,5.2,992.8,1002.1,44,23.2,29,10,127.02,316.92,25.57
468,42483,2017,4,13,24.25,9.4,38.6,23.0,5.0,993.2,1002.5,32,17.9,23,4,158.11,457.47,19.26
469,42483,2017,4,14,23.03,7.9,33.1,21.2,5.3,996.2,1005.6,34,19.6,27,4,113.64,363.66,12.36
470,42483,2017,4,15,24.32,10.4,38.9,22.3,3.2,996.5,1005.9,36,18.5,27,8,77.63,386.75,12.09
471,42483,2017,4,16,26.31,10.3,40.4,24.0,5.2,994.9,1004.2,34,18.0,32,18,63.91,259.91,8.08
472,42483,2017,4,17,25.24,11.1,40.7,24.7,3.8,991.4,1000.7,34,20.6,32,14,76.76,248.45,12.58
473,42483,2017,4,18,25.68,10.9,40.8,25.3,4.6,992.2,1001.5,30,18.8,29,12,85.27,275.19,11.48
474,42483,2017,4,19,23.64,9.6,41.9,25.8,5.0,993.1,1002.4,29,18.4,29,14,145.01,436.6,15.17
475,42483,2017,4,20,22.14,9.4,43.6,25.5,6.8,993.5,1002.7,28,17.8,27,8,148.83,363.18,9.95
476,42483,2017,4,21,17.74,5.0,43.5,26.2,6.0,994.8,1004.1,34,19.3,27,14,111.03,188.77,10.68
477,42483,2017,4,22,26.22,11.5,40.2,27.7,4.2,991.0,1000.3,26,16.4,29,22,119.31,184.06,12.25
478,42483,2017,4,23,25.33,11.0,38.0,25.1,4.4,991.1,1000.3,27,17.3,32,12,55.89,148.31,13.22
480,42483,2017,4,25,23.72,10.3,36.7,28.5,5.5,993.2,1002.4,28,18.6,32,4,189.3,590.12,27.52
481,42483,2017,4,26,23.86,10.9,40.7,24.9,4.9,992.7,1001.9,25,16.9,32,8,141.39,386.43,32.32
482,42483,2017,4,27,24.59,9.9,43.7,24.4,5.5,990.0,999.2,22,15.4,32,8,123.74,310.01,32.0
483,42483,2017,4,28,25.98,11.3,45.0,25.9,5.8,990.2,999.5,26,16.4,32,18,88.44,336.59,34.23
484,42483,2017,4,29,25.31,10.6,44.6,27.2,5.5,989.4,998.6,23,15.1,29,18,138.04,379.91,34.3
485,42483,2017,4,30,26.25,10.5,42.4,26.2,5.8,988.7,997.9,21,14.2,32,12,92.31,260.46,13.47
486,42483,2017,5,1,25.24,10.7,40.3,26.7,4.8,989.7,998.9,22,14.7,36,6,80.65,359.69,16.94
487,42483,2017,5,2,26.43,11.0,43.1,27.7,5.0,993.1,1002.3,21,13.7,27,6,63.4,228.97,13.59
488,42483,2017,5,3,24.57,10.9,43.0,25.5,6.1,991.1,1000.3,23,14.7,34,8,79.23,304.23,19.89
489,42483,2017,5,4,17.55,6.9,43.6,29.0,4.4,990.6,999.9,27,16.2,25,10,116.09,343.74,27.31
490,42483,2017,5,5,23.2,9.5,42.0,28.7,4.4,994.4,1003.7,33,18.3,7,6,129.48,444.69,42.61
491,42483,2017,5,6,23.37,10.3,41.0,29.8,6.0,992.3,1001.5,29,18.5,34,4,149.11,430.26,41.02
492,42483,2017,5,7,24.05,10.7,35.6,20.5,3.8,990.6,999.8,30,20.6,27,4,120.62,290.93,15.69
493,42483,2017,5,8,23.94,9.8,37.1,25.2,2.2,991.4,1000.6,30,21.8,34,10,66.82,194.85,11.74
495,42483,2017,5,10,23.42,10.0,40.4,25.2,6.4,992.7,1001.9,31,22.4,0,0,189.89,388.45,16.67
496,42483,2017,5,11,20.55,8.9,37.5,21.3,5.2,990.3,999.5,35,24.9,36,12,123.72,198.51,17.42
497,42483,2017,5,12,21.15,9.8,41.3,26.8,5.6,988.8,998.0,30,22.5,32,6,107.58,167.14,18.36
498,42483,2017,5,13,24.29,10.6,44.2,28.6,5.4,989.8,999.0,26,18.4,32,18,63.68,217.22,18.79
501,42483,2017,5,16,26.07,10.6,38.8,24.1,4.8,987.7,996.9,22,17.5,32,22,54.01,248.98,20.38
502,42483,2017,5,17,25.38,10.8,39.8,27.6,4.0,987.6,996.7,19,16.3,32,12,34.53,146.13,16.25
503,42483,2017,5,18,22.64,8.2,37.2,29.4,4.5,989.9,999.1,25,18.3,29,10,36.1,137.4,24.51
504,42483,2017,5,19,20.83,6.8,38.7,25.0,4.8,990.6,999.8,27,21.3,29,4,68.46,278.17,26.7
505,42483,2017,5,20,22.6,8.7,39.9,27.0,4.2,990.0,999.2,20,14.7,0,0,60.43,263.83,20.15
506,42483,2017,5,21,24.1,10.1,41.8,27.6,3.6,989.5,998.6,23,18.1,32,12,390.94,618.14,20.32
511,42483,2017,5,26,23.31,9.7,42.0,29.4,6.0,987.7,996.8,27,21.4,36,8,92.01,250.81,9.46
512,42483,2017,5,27,22.59,8.3,39.1,25.7,6.0,986.8,995.9,24,19.7,32,4,203.32,479.13,6.38
513,42483,2017,5,28,24.16,9.7,38.2,24.8,6.0,987.8,996.9,23,18.1,34,12,104.51,119.05,8.64
514,42483,2017,5,29,23.13,10.3,40.0,28.3,5.3,988.3,997.4,20,16.6,32,6,42.02,139.53,8.78
515,42483,2017,5,30,23.95,9.4,40.0,26.7,5.0,985.1,994.5,19,15.6,32,8,67.55,237.28,16.55
516,42483,2017,5,31,21.3,8.7,39.6,28.6,5.0,983.9,992.9,26,21.8,5,4,68.51,77.51,7.65
517,42483,2017,6,1,22.98,7.2,39.6,30.2,6.2,983.4,992.4,29,26.2,34,8,20.51,58.18,9.55
550,42483,2017,7,4,23.37,8.5,33.7,27.3,3.0,982.5,991.6,48,30.1,9,18,26.9,52.28,10.93
551,42483,2017,7,5,7.44,0.4,33.8,25.0,2.9,986.7,996.4,93,29.1,9,8,10.82,14.39,4.31
634,42483,2017,9,26,20.68,9.1,35.6,24.0,2.4,998.2,1007.7,67,30.3,29,6,52.71,118.61,27.25
635,42483,2017,9,27,14.86,5.1,35.2,25.3,2.2,998.4,1008.0,71,31.8,32,4,74.96,156.48,32.43
636,42483,2017,9,28,20.42,8.6,35.4,23.6,2.4,997.5,1007.0,72,33.2,23,2,80.05,154.41,32.71
637,42483,2017,9,29,19.82,8.8,35.0,24.1,2.6,996.8,1006.3,69,32.6,32,4,73.83,152.16,29.73
638,42483,2017,9,30,17.45,7.5,35.2,23.0,2.4,996.3,1005.8,71,33.0,27,2,75.99,149.2,24.51
639,42483,2017,10,1,15.84,6.4,35.0,21.0,1.6,996.8,1006.3,66,32.1,0,0,56.79,95.0,14.33
640,42483,2017,10,2,12.77,4.8,34.7,21.0,2.0,995.2,1004.0,75,31.3,18,4,60.7,96.31,19.42
641,42483,2017,10,3,11.69,4.0,35.9,20.9,2.4,992.3,1001.9,89,32.4,18,8,60.08,99.0,16.21
642,42483,2017,10,4,17.16,6.9,35.7,19.1,2.8,992.1,1001.5,71,32.6,0,0,57.54,99.3,17.44
643,42483,2017,10,5,20.15,8.9,35.0,18.0,2.6,995.2,1004.8,66,28.7,25,4,101.44,192.81,40.78
645,42483,2017,10,7,19.48,9.1,34.0,19.0,2.2,998.5,1008.1,59,25.6,11,4,48.42,126.65,20.22
646,42483,2017,10,8,16.41,7.8,34.3,19.7,2.2,997.4,1007.0,59,26.4,0,0,64.72,105.6,19.59
647,42483,2017,10,9,17.28,7.3,33.6,21.9,2.4,997.5,1007.0,73,27.9,11,12,68.7,119.65,19.36
648,42483,2017,10,10,14.24,6.1,32.0,20.7,1.6,998.1,1007.7,68,27.2,7,6,45.81,155.26,16.78
649,42483,2017,10,11,16.72,8.0,33.0,20.9,1.8,997.3,1006.9,68,27.2,29,4,30.16,164.68,12.62
650,42483,2017,10,12,18.46,9.5,34.1,19.0,2.2,997.9,1007.5,59,25.1,0,0,47.4,185.74,23.57
651,42483,2017,10,13,18.47,8.8,33.0,19.3,1.9,998.9,1008.5,60,24.2,25,4,114.45,257.47,48.35
652,42483,2017,10,14,17.62,8.5,33.8,19.0,1.8,999.5,1009.1,56,23.3,29,4,120.14,263.08,57.28
653,42483,2017,10,15,16.68,8.5,32.6,18.5,2.0,1001.2,1010.8,66,28.0,0,0,104.6,231.02,64.98
654,42483,2017,10,16,14.3,7.1,31.8,16.7,1.7,1002.1,1011.7,63,26.9,9,6,115.93,341.26,62.56
655,42483,2017,10,17,14.05,6.1,32.0,14.8,1.9,1002.1,1011.7,60,25.4,2,6,170.35,353.98,58.77
656,42483,2017,10,18,18.2,9.3,31.0,14.6,1.8,1001.8,1011.4,61,23.0,34,6,169.93,298.66,42.56
657,42483,2017,10,19,16.93,9.0,31.1,15.6,1.6,1002.4,1012.0,57,22.6,2,4,140.38,209.82,25.06
658,42483,2017,10,20,17.3,9.4,31.0,16.6,1.6,1003.2,1012.8,61,23.0,0,0,73.73,169.18,14.82
659,42483,2017,10,21,15.88,7.5,32.5,16.5,2.0,1003.8,1013.4,49,20.2,23,4,34.0,73.68,22.59
660,42483,2017,10,22,17.68,9.3,32.2,15.6,2.0,1003.3,1012.9,58,21.0,29,4,61.91,159.47,47.78
661,42483,2017,10,23,16.84,9.8,31.4,16.2,1.8,1001.6,1011.2,57,21.6,29,6,81.57,229.61,61.64
662,42483,2017,10,24,14.6,7.0,32.4,16.2,1.4,1000.5,1010.2,62,21.4,9,6,99.15,273.6,58.29
663,42483,2017,10,25,15.61,8.7,31.8,16.5,1.8,999.5,1009.1,58,21.2,0,0,138.76,331.99,65.71
664,42483,2017,10,26,16.31,8.6,32.0,16.1,1.4,1001.0,1010.8,60,21.0,0,0,134.52,310.03,54.45
665,42483,2017,10,27,16.12,8.8,31.6,14.9,1.6,1002.0,1011.7,61,21.0,27,4,127.12,271.03,45.34
666,42483,2017,10,28,15.99,8.5,31.0,15.2,1.4,1002.4,1012.1,71,22.7,27,4,124.68,277.05,56.34
667,42483,2017,10,29,16.54,9.5,30.8,15.2,1.9,1001.6,1011.3,58,19.6,0,0,123.92,240.46,45.53
668,42483,2017,10,30,16.95,9.5,31.4,15.9,1.5,1001.2,1010.9,62,20.8,0,0,95.75,246.0,54.71
669,42483,2017,10,31,17.48,9.4,31.4,17.4,1.6,1001.7,1011.4,56,19.4,2,4,90.71,187.81,34.93
670,42483,2017,11,1,14.78,6.4,31.8,17.6,1.7,1001.1,1010.9,60,19.4,0,0,96.24,178.52,44.86
671,42483,2017,11,2,12.15,3.5,29.4,15.3,2.0,999.8,1009.5,59,19.8,9,6,69.76,169.9,46.65
672,42483,2017,11,3,8.34,1.4,28.2,15.6,1.6,1000.2,1009.9,67,21.4,18,4,47.36,114.25,74.17
673,42483,2017,11,4,13.09,5.6,31.2,15.0,1.4,1000.0,1009.7,71,23.5,11,6,134.06,229.5,62.21
674,42483,2017,11,5,14.1,7.3,32.6,14.7,1.7,1000.0,1009.7,66,21.3,0,0,152.3,266.17,71.23
675,42483,2017,11,6,13.5,8.0,30.8,15.7,1.4,1001.1,1010.8,52,17.3,2,4,129.38,253.97,68.17
676,42483,2017,11,7,14.39,8.5,30.0,14.9,1.4,1000.3,1010.1,60,18.1,29,8,155.45,301.11,78.56
677,42483,2017,11,8,13.73,7.0,27.8,15.6,1.6,999.6,1009.4,58,17.4,25,4,189.6,378.72,86.39
678,42483,2017,11,9,12.77,6.1,28.6,15.5,1.4,1001.1,1010.9,64,18.3,27,4,301.03,483.56,70.45
679,42483,2017,11,10,12.58,6.1,30.0,15.3,1.4,1003.3,1013.1,62,18.3,0,0,412.0,563.18,77.85
680,42483,2017,11,11,14.08,7.8,29.6,15.0,1.3,1002.0,1011.8,58,17.9,0,0,282.27,436.3,85.86
681,42483,2017,11,12,12.65,8.0,30.0,14.5,1.1,1002.7,1012.0,61,18.4,0,0,184.19,344.8,78.01
682,42483,2017,11,13,15.22,8.7,29.0,14.3,1.3,1003.0,1012.8,60,18.1,0,0,201.12,422.67,153.93
683,42483,2017,11,14,13.66,7.3,28.6,13.9,1.0,1002.0,1011.8,60,18.1,25,6,215.49,404.85,156.4
684,42483,2017,11,15,14.24,7.3,28.5,13.4,1.4,1003.2,1013.0,59,16.4,0,0,113.21,223.75,119.86
685,42483,2017,11,16,12.85,6.1,26.2,13.0,0.9,1004.5,1014.3,64,17.5,0,0,99.18,224.77,105.41
686,42483,2017,11,17,13.23,0.0,26.5,12.6,1.3,1002.8,1012.6,64,17.5,0,0,97.26,211.59,103.37
687,42483,2017,11,18,12.65,6.3,25.8,12.1,1.0,1002.3,1012.1,65,17.9,0,0,131.91,283.1,142.81
688,42483,2017,11,19,12.8,5.8,25.0,11.6,1.4,1002.8,1012.6,66,17.3,27,4,185.29,330.89,132.08
689,42483,2017,11,20,14.1,8.5,28.1,14.0,1.1,1003.1,1012.9,61,17.0,25,6,164.14,320.99,114.73
690,42483,2017,11,21,14.41,8.7,28.7,14.7,1.0,1003.6,1013.4,59,14.6,27,4,167.6,346.84,127.46
691,42483,2017,11,22,14.4,8.6,29.0,14.6,1.3,1002.2,1012.0,57,14.6,27,4,202.1,393.21,145.04
692,42483,2017,11,23,14.07,7.5,29.6,14.0,1.2,1002.2,1012.0,58,14.7,32,4,215.42,394.16,145.84
693,42483,2017,11,24,13.32,7.6,27.6,13.4,1.6,1002.0,1011.8,63,16.3,29,4,197.96,373.28,164.11
694,42483,2017,11,25,14.07,7.4,23.8,12.9,1.2,1002.0,1011.8,57,16.1,32,4,223.35,429.74,172.3
695,42483,2017,11,26,12.97,7.6,22.0,14.4,0.6,1003.1,1012.9,59,15.2,29,4,235.27,387.53,153.74
696,42483,2017,11,27,14.32,8.5,23.5,11.8,0.2,1001.8,1011.6,58,15.0,23,4,203.23,389.7,162.55
697,42483,2017,11,28,14.41,8.7,26.1,12.0,0.6,1002.0,1011.9,60,14.9,25,6,220.78,460.86,187.14
698,42483,2017,11,29,13.76,8.7,24.6,12.0,1.0,1000.9,1010.8,58,14.1,0,0,230.74,500.38,201.25
699,42483,2017,11,30,14.46,8.4,22.2,10.0,0.8,1000.9,1010.7,55,14.8,25,6,223.46,412.12,184.96
700,42483,2017,12,1,13.8,8.0,20.1,10.9,1.3,1003.1,1013.0,60,14.3,27,4,237.73,401.51,178.97
701,42483,2017,12,2,14.88,8.9,22.7,8.6,1.2,1004.8,1014.7,62,15.1,0,0,322.18,495.75,179.01
702,42483,2017,12,3,14.67,8.9,20.5,9.6,1.2,1004.5,1014.4,62,14.5,23,6,346.42,434.61,173.47
703,42483,2017,12,4,14.23,8.7,17.8,5.0,0.8,1003.2,1013.0,53,13.8,25,8,326.3,471.03,195.88
704,42483,2017,12,5,14.79,8.5,20.0,6.6,1.0,1003.5,1013.4,55,13.8,27,6,348.59,488.47,187.39
705,42483,2017,12,6,14.13,8.6,14.1,9.0,0.7,1002.4,1012.2,54,13.9,23,6,290.6,397.55,149.07
706,42483,2017,12,7,14.72,9.0,15.1,6.8,0.9,1001.4,1011.2,53,13.6,25,8,327.92,469.8,155.94
707,42483,2017,12,8,14.71,8.9,14.2,7.2,0.8,1000.6,1010.5,56,14.3,23,8,201.94,374.64,147.2
708,42483,2017,12,9,14.22,8.9,12.1,5.7,0.6,1000.5,1010.3,55,14.6,23,4,222.54,427.47,160.97
709,42483,2017,12,10,12.87,7.7,16.4,4.0,0.0,1000.1,1009.9,57,16.1,9,4,230.2,391.95,153.64
712,42483,2017,12,13,7.69,3.1,23.2,5.7,1.2,1003.4,1013.3,81,19.0,9,4,228.35,369.58,143.36
713,42483,2017,12,14,3.08,0.0,22.6,5.2,1.3,1006.6,1016.7,90,18.5,7,10,161.02,310.15,117.49
714,42483,2017,12,15,5.95,0.0,23.4,5.5,1.1,1006.7,1016.7,92,18.1,32,4,171.05,309.58,104.76
715,42483,2017,12,16,7.7,2.8,24.0,5.6,1.1,1007.1,1017.2,92,19.4,0,0,157.63,303.22,112.49
716,42483,2017,12,17,12.88,7.4,24.2,7.3,1.2,1004.0,1013.8,60,16.0,25,10,168.09,304.71,118.5
717,42483,2017,12,18,14.43,8.3,24.8,8.0,1.4,1004.3,1014.2,59,13.8,27,10,200.75,359.43,143.16
718,42483,2017,12,19,14.45,8.4,26.0,13.3,1.2,1002.7,1012.6,55,13.8,27,8,299.59,456.97,146.79
719,42483,2017,12,20,15.18,9.5,18.6,15.6,1.4,1002.0,1012.0,60,12.8,27,4,391.28,502.75,141.18
720,42483,2017,12,21,13.67,8.7,18.8,12.9,0.4,1004.0,1014.0,68,14.0,2,4,427.69,491.31,155.87
721,42483,2017,12,22,8.79,2.0,21.9,13.5,0.4,1005.4,1015.6,89,14.8,23,2,363.56,366.88,158.27
722,42483,2017,12,23,7.66,0.2,21.8,10.1,0.9,1006.6,1016.9,93,13.4,2,4,243.97,281.73,162.97
723,42483,2017,12,24,10.07,2.6,22.8,9.8,0.9,1005.0,1015.3,86,11.7,36,10,235.6,304.16,158.39
724,42483,2017,12,25,3.94,0.0,20.1,10.2,1.2,1004.3,1014.5,77,11.0,27,8,289.27,330.51,165.85
725,42483,2017,12,26,11.88,4.6,17.9,13.6,0.8,1005.2,1015.4,74,12.5,32,6,381.92,404.26,139.08
726,42483,2017,12,27,8.52,3.1,17.9,15.2,0.6,1004.0,1014.1,78,12.6,32,4,352.1,439.21,190.31
727,42483,2017,12,28,10.87,4.6,18.6,15.5,0.6,1001.8,1011.9,76,13.0,2,6,365.68,445.25,173.68
728,42483,2017,12,29,11.15,5.7,18.5,11.6,0.4,1002.5,1012.5,67,12.8,2,4,342.77,347.55,105.61
729,42483,2017,12,30,12.07,5.3,18.0,7.0,0.6,1003.1,1013.1,55,11.9,0,0,216.1,235.15,105.25
730,42483,2017,12,31,12.07,7.7,20.0,7.4,0.7,1000.8,1010.2,60,13.9,27,4,220.02,220.01,105.95
731,42483,2018,1,1,10.97,5.0,21.0,6.8,1.0,1002.4,1012.3,57,13.2,2,6,191.0,192.2,117.54
732,42483,2018,1,2,10.19,4.5,22.4,6.0,1.3,1002.6,1012.5,62,14.3,34,6,153.79,222.19,111.62
733,42483,2018,1,3,11.38,5.1,24.9,7.1,0.9,1005.3,1015.4,58,11.7,27,6,158.71,330.92,136.07
734,42483,2018,1,4,12.59,6.1,25.0,9.2,1.0,1004.5,1014.6,77,11.2,36,6,147.46,323.07,122.26
735,42483,2018,1,5,11.55,3.2,23.2,11.4,0.9,1003.6,1013.8,92,11.1,36,8,106.96,342.14,111.37
736,42483,2018,1,6,8.67,3.0,23.0,12.0,0.8,1005.4,1015.8,79,9.8,29,4,168.65,388.62,133.27
737,42483,2018,1,7,6.99,2.1,24.1,10.6,1.8,1006.3,1016.7,82,10.1,25,4,53.53,491.87,158.58
738,42483,2018,1,8,13.03,6.3,21.9,10.2,1.3,1006.1,1016.3,68,10.3,32,4,87.7,374.92,134.27
739,42483,2018,1,9,12.77,7.3,17.2,6.4,1.3,1004.7,1014.7,61,10.7,27,4,143.35,368.98,135.91
740,42483,2018,1,10,13.99,8.7,22.0,6.0,1.4,1003.8,1013.8,54,11.3,27,4,176.83,432.08,132.1
741,42483,2018,1,11,13.8,8.7,23.7,6.4,2.6,1003.9,1013.9,62,12.5,0,0,163.44,365.13,105.83
742,42483,2018,1,12,11.07,5.1,25.8,8.6,2.0,1005.2,1015.3,65,12.6,2,4,122.92,365.0,102.17
743,42483,2018,1,13,12.49,7.7,25.2,8.7,2.2,1002.0,1011.8,52,15.9,9,4,222.92,404.14,124.85
744,42483,2018,1,14,11.75,5.9,19.8,10.0,2.4,1003.2,1013.0,56,14.7,27,4,371.06,427.52,131.47
745,42483,2018,1,15,12.01,7.0,25.1,9.1,1.0,1005.0,1014.8,58,15.8,5,4,288.81,387.46,130.72
746,42483,2018,1,16,11.54,5.9,24.4,8.3,1.6,1005.8,1015.7,58,16.9,7,6,211.04,320.25,126.46
747,42483,2018,1,17,10.6,3.1,24.0,8.7,0.9,1004.9,1014.7,64,18.8,7,8,284.4,328.91,123.04
748,42483,2018,1,18,11.26,6.6,23.6,8.0,1.0,1003.4,1013.4,92,19.7,2,16,281.72,343.59,135.82
749,42483,2018,1,19,5.84,0.0,24.3,8.2,1.3,1006.5,1016.5,78,18.4,32,10,241.9,498.85,177.71
750,42483,2018,1,20,15.49,8.1,24.3,8.4,2.0,1006.9,1017.0,62,12.9,27,4,91.43,401.26,166.74
751,42483,2018,1,21,16.26,9.3,24.7,8.5,1.6,1008.9,1019.0,65,12.8,29,6,66.26,326.59,139.58
752,42483,2018,1,22,14.98,8.3,25.2,7.4,1.2,1009.6,1019.7,75,14.0,0,0,75.77,366.68,159.22
753,42483,2018,1,23,11.23,4.9,27.4,9.0,2.2,1008.2,1018.2,78,13.4,32,6,114.15,234.33,122.99
754,42483,2018,1,24,9.35,4.0,27.8,10.7,2.3,1008.1,1022.3,72,12.5,25,4,46.98,64.76,82.5
755,42483,2018,1,25,14.35,6.1,27.6,13.0,2.3,1007.8,1017.9,69,13.6,0,0,65.08,94.17,78.79
756,42483,2018,1,26,16.5,8.8,26.7,13.0,2.6,1007.7,1017.8,53,11.6,23,4,60.22,80.48,90.98
757,42483,2018,1,27,15.45,8.8,23.0,13.5,1.2,1006.8,1016.9,56,12.1,23,4,64.82,75.2,131.6
758,42483,2018,1,28,16.3,9.0,24.0,7.2,1.3,1005.9,1015.9,51,11.7,29,4,132.0,200.15,128.66
759,42483,2018,1,29,13.49,7.7,22.6,6.3,1.7,1004.3,1014.2,58,13.2,0,0,109.14,174.37,146.71
760,42483,2018,1,30,15.21,7.4,24.2,7.0,2.0,1006.4,1016.3,55,14.0,0,0,67.42,207.21,134.04
761,42483,2018,1,31,12.36,7.4,25.4,7.2,1.4,1006.0,1015.9,59,15.3,2,4,62.15,221.3,108.48
762,42483,2018,2,1,13.2,4.5,21.9,9.6,2.0,1005.5,1015.4,58,15.4,23,2,63.32,175.58,117.02
763,42483,2018,2,2,6.74,0.4,26.2,11.7,1.6,1005.4,1015.4,72,16.5,27,4,74.73,119.91,137.29
764,42483,2018,2,3,13.9,5.8,27.0,13.1,1.4,1004.7,1014.5,64,16.5,0,0,105.64,184.33,130.08
765,42483,2018,2,4,15.21,7.8,25.2,13.6,1.8,1004.7,1014.5,56,16.3,7,8,105.44,77.31,122.46
766,42483,2018,2,5,11.86,3.4,28.1,13.0,2.2,1006.2,1016.1,59,17.1,5,10,70.39,94.3,111.7
767,42483,2018,2,6,12.82,5.5,27.4,11.0,2.8,1004.4,1014.7,61,18.1,7,6,85.58,119.84,107.43
768,42483,2018,2,7,12.06,4.7,27.7,10.2,3.1,1004.0,1013.8,65,16.8,27,4,68.15,130.97,90.7
769,42483,2018,2,8,19.08,7.9,28.0,12.4,4.0,1004.4,1014.3,54,13.4,27,6,97.15,224.94,104.41
770,42483,2018,2,9,18.27,9.5,32.0,12.7,3.2,1004.3,1014.2,57,14.1,25,6,105.5,273.07,109.13
771,42483,2018,2,10,18.66,9.6,34.0,14.1,3.2,1005.0,1014.9,58,15.1,36,6,105.52,265.83,113.85
772,42483,2018,2,11,17.52,4.8,34.7,17.2,3.8,1003.5,1013.3,57,16.1,32,4,146.58,323.81,127.91
773,42483,2018,2,12,14.05,5.5,33.8,15.7,3.4,1004.4,1014.2,55,16.1,0,0,124.84,213.56,112.92
774,42483,2018,2,13,15.75,8.3,31.2,15.8,4.4,1002.6,1012.4,51,15.7,25,6,126.08,192.7,99.89
775,42483,2018,2,14,17.67,9.3,28.0,13.7,3.6,1001.9,1011.6,43,14.3,29,6,135.26,184.55,100.57
776,42483,2018,2,15,7.31,0.4,27.5,11.8,4.0,1005.7,1015.8,88,17.2,29,16,85.21,180.32,120.54
777,42483,2018,2,16,5.0,0.9,29.9,12.0,4.0,996.8,1006.8,98,18.3,9,34,133.73,232.01,135.78
778,42483,2018,2,17,7.73,2.8,30.9,13.4,4.0,1000.7,1010.6,77,17.2,29,6,125.82,237.14,127.87
780,42483,2018,2,19,17.52,8.7,32.2,11.6,2.0,1004.0,1013.8,66,17.2,0,0,196.12,412.34,118.92
781,42483,2018,2,20,18.49,9.0,32.4,14.2,4.4,1004.0,1013.8,60,17.0,27,4,135.33,269.91,114.73
782,42483,2018,2,21,19.18,9.3,33.3,16.0,4.0,1004.7,1014.5,65,18.5,0,0,170.91,353.75,134.77
783,42483,2018,2,22,18.16,9.3,35.1,17.2,3.8,1005.1,1015.0,55,17.5,0,0,170.25,318.42,189.31
785,42483,2018,2,24,6.98,2.5,32.5,17.1,5.0,1006.2,1016.2,90,21.4,34,8,165.0,239.5,106.07
786,42483,2018,2,25,20.41,9.9,32.1,14.9,4.6,1005.3,1015.2,51,18.2,27,6,190.77,263.16,98.36
787,42483,2018,2,26,20.54,9.9,31.2,14.1,4.6,1004.5,1014.2,48,16.3,0,0,198.32,241.96,110.57
788,42483,2018,2,27,19.32,9.6,30.0,10.6,4.0,1003.0,1012.7,59,20.9,0,0,111.15,198.56,112.6
789,42483,2018,2,28,20.42,10.3,30.0,11.0,4.6,1002.5,1012.2,52,17.6,29,18,165.89,261.1,115.08
790,42483,2018,3,1,22.51,9.8,22.0,15.1,5.4,1003.2,1013.0,42,12.6,29,6,155.05,281.71,107.07
791,42483,2018,3,2,21.76,9.8,27.3,15.3,4.2,1004.2,1014.0,43,13.7,25,4,236.21,289.55,94.91
792,42483,2018,3,3,21.38,9.8,27.8,12.5,0.6,1003.6,1013.3,52,17.0,27,8,87.58,257.57,87.28
793,42483,2018,3,4,20.83,9.2,30.3,13.4,2.8,1003.6,1013.2,51,18.4,23,4,81.78,261.14,87.65
794,42483,2018,3,5,21.26,9.7,32.0,14.8,3.6,1003.6,1013.3,41,15.7,0,0,90.29,284.9,88.94
795,42483,2018,3,6,21.2,9.6,33.0,15.2,3.8,1003.7,1013.3,47,18.0,27,2,70.04,204.01,82.55
796,42483,2018,3,7,19.62,8.9,33.0,15.5,3.8,1003.8,1013.4,52,20.8,0,0,83.96,217.29,99.77
797,42483,2018,3,8,20.66,9.3,33.2,17.4,2.2,1003.0,1012.6,52,20.8,0,0,115.76,275.86,119.74
798,42483,2018,3,9,21.52,9.7,36.0,18.3,2.6,1000.0,1009.6,38,15.5,25,4,112.88,242.21,104.52
799,42483,2018,3,10,21.07,9.4,38.2,19.1,3.8,997.7,1007.2,33,14.9,0,0,86.05,239.34,99.83
800,42483,2018,3,11,20.24,9.0,30.2,14.4,4.6,998.0,1007.6,41,18.3,0,0,84.11,212.07,96.71
801,42483,2018,3,12,20.17,9.2,33.5,14.5,3.0,998.8,1008.4,46,20.4,32,8,96.9,233.95,88.48
802,42483,2018,3,13,20.42,9.1,36.0,16.4,4.2,999.5,1009.1,41,17.9,0,0,83.29,242.12,92.25
803,42483,2018,3,14,18.74,8.5,37.0,17.8,3.6,1000.4,1016.0,46,20.2,5,6,150.57,357.22,107.07
804,42483,2018,3,15,20.98,8.9,38.2,17.7,4.6,1002.3,1011.9,59,25.6,0,0,145.06,356.74,104.11
805,42483,2018,3,16,20.08,7.6,40.0,17.8,4.2,1003.8,1013.4,45,18.9,0,0,96.43,262.88,75.41
806,42483,2018,3,17,19.66,6.9,39.8,19.2,4.6,1001.6,1011.2,43,17.8,0,0,78.9,231.15,72.55
807,42483,2018,3,18,23.24,9.5,37.2,19.9,4.2,996.9,1006.5,31,13.5,29,12,97.7,250.24,75.85
808,42483,2018,3,19,22.57,9.1,37.1,19.6,5.8,997.3,1006.8,36,16.4,29,12,106.88,288.72,95.54
809,42483,2018,3,20,21.84,8.8,38.0,19.1,5.2,998.7,1008.2,38,18.8,29,4,128.02,306.24,101.87
810,42483,2018,3,21,18.52,7.0,39.0,18.6,5.0,995.3,1004.8,35,16.4,23,6,100.16,295.19,104.52
811,42483,2018,3,22,22.6,8.7,40.0,20.1,3.6,995.4,1004.9,29,14.4,27,8,115.1,304.69,103.02
812,42483,2018,3,23,21.64,9.0,40.4,21.0,4.4,997.6,1007.0,30,15.6,5,4,105.17,274.72,99.45
813,42483,2018,3,24,19.38,8.1,42.0,23.1,4.0,998.4,1007.9,41,20.3,36,6,99.38,258.26,103.13
814,42483,2018,3,25,21.96,8.7,36.4,23.7,4.0,995.3,1004.7,29,14.8,29,18,101.09,216.21,100.89
815,42483,2018,3,26,23.6,8.3,36.6,19.2,5.2,996.1,1005.6,30,13.9,25,12,83.68,224.94,105.01
816,42483,2018,3,27,22.53,8.5,37.4,21.0,3.8,996.7,1006.2,31,14.9,25,6,108.18,288.65,112.8
817,42483,2018,3,28,9.9,0.9,38.4,22.0,4.0,999.7,1009.4,68,22.2,0,0,122.45,349.06,133.39
818,42483,2018,3,29,17.73,6.8,38.6,23.4,4.4,995.2,1004.6,44,22.2,0,0,140.62,386.74,127.78
819,42483,2018,3,30,24.05,9.9,37.6,22.0,4.2,995.3,1004.8,36,17.1,32,12,80.68,252.87,101.55
820,42483,2018,3,31,23.63,9.9,35.0,21.0,3.6,996.7,1006.3,31,15.0,29,12,50.23,171.72,64.97
821,42483,2018,4,1,22.7,7.1,36.3,17.7,3.0,996.9,1006.3,29,15.0,29,12,63.15,154.58,63.24
822,42483,2018,4,2,21.96,10.5,38.0,21.4,3.8,996.7,1006.1,27,15.7,0,0,75.58,183.86,80.32
823,42483,2018,4,3,22.39,9.2,38.4,22.3,4.0,995.0,1004.3,33,18.3,25,10,83.49,244.41,93.47
824,42483,2018,4,4,20.95,9.4,35.2,21.8,3.6,993.0,1002.3,21,11.2,29,18,84.42,258.06,107.2
825,42483,2018,4,5,19.35,8.6,36.7,20.3,3.8,993.0,1002.3,19,10.1,29,10,47.82,157.93,56.05
827,42483,2018,4,7,22.39,9.9,40.0,22.1,5.4,992.3,1001.6,22,15.2,29,12,65.34,173.5,51.32
829,42483,2018,4,9,22.14,9.3,40.7,23.4,5.0,994.2,1003.4,21,16.5,32,14,52.53,250.78,61.39
830,42483,2018,4,10,21.48,9.1,36.2,25.5,6.0,993.4,1002.6,25,18.4,34,6,50.76,136.74,76.99
831,42483,2018,4,11,22.38,9.1,40.0,22.1,4.2,993.3,1002.5,25,16.8,0,0,77.35,199.58,103.84
832,42483,2018,4,12,23.87,10.5,41.0,22.6,6.6,995.0,1004.3,22,14.9,32,12,52.0,144.84,102.65
834,42483,2018,4,14,23.49,10.4,40.8,23.6,5.5,993.2,1002.4,28,18.1,29,6,66.43,245.14,182.1
843,42483,2018,4,23,19.83,6.2,39.4,21.3,4.4,998.8,1008.3,40,19.7,0,0,57.36,270.64,129.42
844,42483,2018,4,24,23.49,9.0,36.5,24.5,5.0,997.5,1006.9,34,19.2,0,0,106.61,288.67,127.17
846,42483,2018,4,26,25.83,7.2,41.9,23.6,2.8,994.4,1003.6,33,22.0,0,0,124.33,295.62,83.68
848,42483,2018,4,28,23.59,4.5,43.0,26.4,5.4,992.0,1001.2,21,17.1,27,12,66.93,289.19,62.59
851,42483,2018,5,1,23.28,10.0,42.0,27.0,4.5,989.2,998.4,21,18.0,32,19,48.24,106.2,50.41
852,42483,2018,5,2,25.02,11.7,42.8,27.0,5.6,988.2,997.4,15,13.7,29,14,74.02,129.24,51.47
854,42483,2018,5,4,25.07,11.1,42.8,27.0,5.5,989.2,998.4,14,12.5,32,12,69.58,124.8,52.04
856,42483,2018,5,6,22.06,9.3,45.6,27.0,6.6,989.7,999.0,42,24.6,5,6,94.4,221.36,68.06
857,42483,2018,5,7,21.66,9.6,42.4,28.0,5.8,990.5,999.8,41,24.3,2,8,94.91,285.47,85.68
858,42483,2018,5,8,21.97,10.3,43.2,25.6,4.0,988.3,997.5,18,16.2,32,14,97.24,255.58,95.22
859,42483,2018,5,9,23.65,10.8,42.9,25.0,4.6,988.6,997.8,16,15.5,27,18,58.68,237.27,70.32
860,42483,2018,5,10,23.67,10.8,44.4,25.7,5.2,989.1,998.2,18,16.9,29,8,88.3,244.74,83.19
861,42483,2018,5,11,20.9,11.0,44.9,26.3,6.2,987.4,996.6,24,20.8,27,8,103.43,252.89,96.84
862,42483,2018,5,12,22.12,9.0,45.0,26.2,6.0,988.7,997.9,35,25.5,29,8,85.02,187.6,50.67
863,42483,2018,5,13,23.01,9.5,45.0,26.7,5.0,990.8,1000.1,26,19.9,0,0,69.09,179.21,41.72
864,42483,2018,5,14,24.4,11.0,45.7,25.7,5.8,988.8,998.0,28,18.9,32,18,49.23,75.71,36.42
865,42483,2018,5,15,22.14,10.4,43.9,26.4,5.0,987.9,997.1,21,18.0,32,10,67.89,113.89,38.72
866,42483,2018,5,16,22.84,10.2,45.1,27.4,4.8,987.6,996.8,27,22.3,32,8,70.38,146.54,35.03
867,42483,2018,5,17,22.92,10.1,44.2,26.3,4.6,989.4,998.6,17,15.8,2,16,77.35,156.94,31.67
869,42483,2018,5,19,21.81,9.4,45.1,25.9,5.8,988.5,997.7,35,25.0,11,8,95.0,195.2,33.64
870,42483,2018,5,20,21.22,9.4,45.2,26.2,6.5,989.1,998.3,42,28.9,5,6,75.72,197.86,32.38
871,42483,2018,5,21,21.22,9.3,44.5,29.6,5.0,987.8,997.1,34,26.9,5,12,110.06,244.41,43.06
872,42483,2018,5,22,19.81,7.8,45.9,25.9,4.3,987.5,996.7,40,30.6,2,8,96.84,217.94,34.39
873,42483,2018,5,23,21.08,8.7,45.8,28.5,8.0,987.0,996.2,42,28.9,7,22,83.23,180.83,34.66
874,42483,2018,5,24,20.71,8.8,44.5,29.7,7.1,986.0,994.1,45,30.3,5,12,86.9,174.65,38.32
875,42483,2018,5,25,20.34,8.2,42.7,30.4,5.4,987.4,996.7,40,28.6,9,12,82.84,256.57,62.56
876,42483,2018,5,26,19.71,7.4,44.5,28.3,6.0,988.7,997.9,41,29.8,5,14,121.66,302.75,97.68
877,42483,2018,5,27,20.62,7.4,40.7,30.4,4.8,988.8,998.1,39,24.6,9,15,113.81,243.06,54.51
878,42483,2018,5,28,21.61,9.0,43.3,30.2,3.4,988.2,997.4,32,25.6,2,12,85.35,209.95,42.47
879,42483,2018,5,29,23.05,10.9,44.2,28.9,4.6,987.8,997.1,35,24.5,7,10,92.89,173.88,26.99
880,42483,2018,5,30,22.42,10.2,44.6,28.9,3.4,989.3,998.6,46,26.1,9,23,57.49,186.7,21.74
881,42483,2018,5,31,18.0,1.5,45.8,29.9,6.4,990.1,999.5,52,24.9,7,18,78.21,198.57,24.23
882,42483,2018,6,1,18.36,6.0,44.4,28.2,5.8,990.7,1000.1,54,26.8,5,22,61.11,152.6,20.28
883,42483,2018,6,2,19.52,7.0,45.4,29.1,4.2,989.5,998.9,61,28.8,2,14,71.74,138.21,21.83
903,42483,2018,6,22,18.35,6.6,38.2,30.5,5.4,987.2,996.5,83,35.0,36,4,59.39,274.13,45.47
904,42483,2018,6,23,21.24,6.9,39.0,29.5,3.8,984.0,993.6,65,35.9,5,20,46.08,231.88,29.4
905,42483,2018,6,24,21.5,9.8,31.8,29.5,5.0,984.8,994.1,73,35.0,2,14,54.21,289.67,52.44
906,42483,2018,6,25,20.3,9.5,29.7,24.3,1.4,986.5,995.8,61,31.4,7,22,48.75,263.55,33.07
907,42483,2018,6,26,10.53,1.8,30.8,25.6,0.9,985.8,995.2,91,39.5,0,0,50.8,164.39,26.7
908,42483,2018,6,27,5.4,0.0,32.1,26.3,0.8,986.3,995.8,98,35.4,0,0,45.72,66.94,18.8
909,42483,2018,6,28,4.43,0.0,33.3,25.6,2.8,984.6,994.2,100,35.6,29,19,32.06,96.28,20.58
910,42483,2018,6,29,11.18,0.7,35.0,27.0,2.2,985.3,994.8,85,35.2,27,12,48.74,91.47,29.62
911,42483,2018,6,30,6.6,0.0,36.6,26.8,3.0,984.1,993.7,100,33.2,0,0,59.81,112.99,42.24
912,42483,2018,7,1,13.7,1.7,36.0,27.0,1.2,983.8,993.3,91,35.4,0,0,54.5,126.02,39.62
913,42483,2018,7,2,13.42,1.8,35.6,27.6,3.6,983.9,993.3,65,32.4,0,0,46.19,97.82,41.16
915,42483,2018,7,4,24.72,9.5,33.6,26.8,2.1,986.5,995.8,69,36.1,0,0,23.95,66.74,26.38
916,42483,2018,7,5,18.93,4.6,33.6,25.1,4.0,987.5,996.8,72,37.5,27,4,34.49,81.88,39.67
917,42483,2018,7,6,12.81,2.0,35.3,26.7,3.2,990.9,1000.3,79,36.3,9,6,42.29,120.58,28.11
918,42483,2018,7,7,12.48,2.2,36.2,26.2,2.2,990.8,1000.3,88,36.4,0,0,62.67,146.5,34.43
919,42483,2018,7,8,13.16,4.1,32.0,26.4,3.2,987.9,998.0,84,36.4,0,0,47.77,103.98,15.72
920,42483,2018,7,9,17.57,4.8,30.2,23.7,1.4,986.8,996.3,91,36.7,25,6,30.84,77.21,13.57
921,42483,2018,7,10,12.64,1.3,33.8,25.7,2.0,985.5,995.1,93,33.1,0,0,34.76,74.4,14.68
922,42483,2018,7,11,13.06,3.6,34.6,27.6,1.3,987.4,996.9,83,37.1,18,6,37.6,65.05,14.12
925,42483,2018,7,14,17.41,7.4,30.4,25.8,1.2,985.8,995.2,75,36.1,5,12,30.6,64.54,35.94
926,42483,2018,7,15,21.84,2.6,32.8,26.8,1.3,986.0,995.3,67,35.9,9,14,33.95,63.32,45.23
927,42483,2018,7,16,24.03,1.7,33.8,26.7,2.3,986.7,995.5,62,34.2,9,12,28.69,76.15,41.77
928,42483,2018,7,17,23.87,9.9,30.2,26.6,1.8,986.1,995.4,62,34.2,7,12,27.36,73.32,40.26
929,42483,2018,7,18,22.23,8.3,31.2,26.4,1.8,984.2,993.5,67,32.8,2,14,34.36,71.56,43.92
932,42483,2018,7,21,14.33,1.8,34.6,27.2,2.4,983.8,993.2,72,36.1,0,0,21.29,51.51,42.53
933,42483,2018,7,22,21.89,7.7,32.0,26.5,1.6,984.6,993.5,94,39.9,5,12,23.07,75.77,37.99
934,42483,2018,7,23,21.8,11.6,27.6,25.6,1.8,984.9,994.2,64,33.4,9,14,22.96,38.67,32.65
935,42483,2018,7,24,25.3,11.7,33.6,25.7,1.4,984.5,993.8,62,34.2,9,8,18.72,53.03,40.24
936,42483,2018,7,25,23.14,10.1,33.6,26.2,1.1,982.7,992.0,62,34.2,20,10,30.26,85.97,39.89
937,42483,2018,7,26,13.04,1.9,33.2,26.7,1.8,983.9,993.4,92,34.8,0,0,22.79,54.99,40.69
938,42483,2018,7,27,12.21,2.5,33.8,26.7,1.5,983.4,992.9,77,33.6,5,22,68.59,114.73,41.29
939,42483,2018,7,28,5.81,0.0,33.6,27.1,2.2,987.2,996.7,89,34.0,18,6,63.67,134.69,43.6
940,42483,2018,7,29,15.17,4.6,30.8,26.9,1.6,986.5,995.9,76,35.8,11,4,67.7,91.9,37.59
941,42483,2018,7,30,19.41,8.3,34.4,26.0,2.3,984.4,993.9,97,39.9,0,0,13.29,38.32,42.94
942,42483,2018,7,31,17.64,9.1,33.4,25.3,1.6,983.7,993.2,84,36.0,5,10,23.23,51.28,56.26
943,42483,2018,8,1,18.02,6.7,32.0,25.6,1.8,985.7,995.2,94,35.4,5,14,35.42,70.28,49.84
944,42483,2018,8,2,20.24,7.2,33.1,25.7,1.2,988.3,997.7,73,34.0,11,20,68.34,122.94,41.03
945,42483,2018,8,3,23.3,8.5,32.7,26.3,2.3,989.6,998.9,57,30.9,0,0,44.33,80.02,46.92
946,42483,2018,8,4,19.97,7.9,33.0,26.8,2.5,988.2,997.7,92,39.1,0,0,40.67,190.0,73.57
947,42483,2018,8,5,16.32,5.5,33.1,27.1,2.0,989.3,998.7,75,34.0,7,8,77.6,244.48,46.88
948,42483,2018,8,6,19.3,9.3,31.2,26.7,1.2,989.5,998.9,67,33.2,7,14,70.87,190.91,43.18
949,42483,2018,8,7,22.2,8.3,36.0,26.9,1.4,990.1,999.4,67,34.2,5,10,40.12,74.83,24.26
950,42483,2018,8,8,12.67,0.9,34.8,27.8,3.2,989.7,999.1,79,36.7,0,0,25.24,54.59,13.92
952,42483,2018,8,10,16.72,7.0,34.6,27.9,2.4,989.7,999.1,70,32.8,20,6,67.27,132.38,23.55
953,42483,2018,8,11,16.29,2.6,29.3,25.1,1.0,991.4,1000.8,81,36.4,0,0,63.45,137.58,26.56
954,42483,2018,8,12,21.31,8.4,31.2,25.1,1.4,990.2,999.6,72,35.2,11,6,43.89,84.9,25.58
955,42483,2018,8,13,23.34,10.7,33.7,24.9,2.7,989.4,998.7,68,33.4,11,6,43.84,76.44,20.11
956,42483,2018,8,14,22.96,10.2,33.1,25.6,2.0,989.7,999.1,73,36.7,0,0,41.51,92.7,18.0
957,42483,2018,8,15,5.92,0.0,34.0,26.1,3.5,991.7,1001.2,81,38.7,9,6,28.76,28.8,14.04
958,42483,2018,8,16,17.59,5.9,34.9,26.0,2.2,990.5,1000.0,73,30.0,29,26,28.59,32.22,13.78
959,42483,2018,8,17,10.34,0.6,34.0,28.0,3.0,988.3,997.5,85,37.1,0,0,34.41,126.51,16.0
960,42483,2018,8,18,19.37,5.1,35.4,27.2,1.2,988.1,997.7,98,32.6,32,14,38.16,101.7,21.47
961,42483,2018,8,19,18.95,6.0,35.5,27.0,1.4,987.2,996.7,87,35.8,0,0,38.12,92.22,25.51
962,42483,2018,8,20,21.06,10.0,35.6,28.1,3.5,985.5,995.0,63,29.8,9,18,27.01,37.81,12.57
963,42483,2018,8,21,12.21,1.4,35.6,27.5,2.4,985.8,995.3,92,33.6,7,20,31.56,44.02,18.41
964,42483,2018,8,22,15.01,4.2,33.6,28.2,2.4,988.0,997.5,79,34.4,5,14,36.2,83.5,30.07
965,42483,2018,8,23,19.98,8.9,32.7,25.1,4.6,988.5,997.9,75,35.6,7,12,35.88,107.86,25.12
966,42483,2018,8,24,23.74,8.9,33.0,26.0,2.9,989.2,998.6,69,34.4,9,6,23.71,161.72,22.76
967,42483,2018,8,25,22.17,9.3,32.4,26.3,1.8,988.6,998.0,73,34.4,23,4,24.52,68.9,29.82
968,42483,2018,8,26,15.94,4.4,29.4,25.8,1.6,988.2,997.6,71,33.4,0,0,22.8,17.75,24.84
969,42483,2018,8,27,5.32,0.0,32.4,25.6,1.2,991.1,1000.7,95,30.7,0,0,32.54,74.57,13.76
970,42483,2018,8,28,8.8,0.8,35.1,26.2,2.7,991.6,1001.2,98,32.6,2,10,29.14,82.14,12.3
971,42483,2018,8,29,11.09,2.4,33.0,26.6,2.6,991.8,1000.4,100,32.6,0,0,37.3,95.22,18.68
972,42483,2018,8,30,18.35,5.3,31.5,24.0,2.5,991.0,1000.6,95,33.1,2,10,42.19,125.51,20.59
973,42483,2018,8,31,7.61,0.3,33.4,25.9,1.4,992.2,1001.7,100,36.4,2,6,31.74,69.36,10.43
974,42483,2018,9,1,10.33,0.9,35.0,26.0,2.0,991.8,1001.3,87,36.4,27,8,26.29,74.49,16.83
975,42483,2018,9,2,6.41,0.0,29.8,25.1,1.8,992.1,1002.5,90,39.9,25,4,31.05,53.22,14.23
977,42483,2018,9,4,21.82,8.3,27.8,23.6,0.8,991.0,1000.4,72,33.2,23,9,33.89,56.71,21.07
978,42483,2018,9,5,23.13,10.2,27.8,24.6,0.8,991.2,1000.6,72,33.6,25,8,39.96,106.47,20.09
979,42483,2018,9,6,22.7,10.5,30.0,25.1,0.8,993.1,1002.5,73,34.4,25,8,31.44,72.98,16.04
980,42483,2018,9,7,18.22,8.0,30.1,24.6,1.3,994.5,1004.0,89,35.8,5,4,34.95,64.54,9.41
981,42483,2018,9,8,19.48,8.3,33.0,25.2,1.5,995.4,1004.8,71,34.4,32,6,47.6,90.25,24.54
982,42483,2018,9,9,16.4,6.6,33.7,25.4,2.7,995.2,1004.7,67,33.6,29,6,59.35,187.31,26.35
983,42483,2018,9,10,21.36,7.3,34.3,26.2,2.2,993.1,1002.4,74,36.0,32,4,56.95,260.9,26.68
984,42483,2018,9,11,19.91,7.3,32.0,25.4,3.0,994.0,1003.4,76,35.9,2,2,50.65,251.3,24.09
985,42483,2018,9,12,19.6,7.9,34.3,24.0,2.5,995.6,1005.1,67,33.6,9,6,40.71,232.38,14.56
986,42483,2018,9,13,19.09,9.6,34.9,23.8,3.5,994.8,1004.1,66,33.6,7,6,42.22,209.49,21.5
987,42483,2018,9,14,14.74,5.7,35.0,22.9,3.0,991.6,1001.4,67,34.2,2,8,44.06,259.22,27.49
988,42483,2018,9,15,14.28,4.5,35.0,23.0,3.6,990.2,999.8,90,32.2,32,2,68.3,283.08,32.29
989,42483,2018,9,16,13.07,4.3,34.8,24.3,3.0,990.9,1000.5,92,31.7,5,4,80.85,296.97,28.7
990,42483,2018,9,17,18.4,7.7,35.1,24.8,3.6,990.6,1000.1,75,33.6,0,0,69.8,204.26,48.13
991,42483,2018,9,18,16.54,6.0,36.2,24.8,3.0,990.3,999.6,72,35.2,11,6,63.69,249.66,34.5
992,42483,2018,9,19,18.78,2.0,34.9,25.0,3.0,990.8,1000.4,90,31.1,2,6,70.24,215.63,26.24
993,42483,2018,9,20,14.3,5.5,36.2,26.2,3.0,989.5,999.0,77,33.0,9,14,52.14,199.24,24.43
994,42483,2018,9,21,21.29,9.2,36.1,26.5,3.5,990.1,999.6,78,33.6,7,18,23.09,63.57,12.09
995,42483,2018,9,22,22.16,9.6,33.6,25.7,2.8,989.6,999.1,72,32.2,9,10,41.09,127.48,12.01
1005,42483,2018,10,2,8.53,0.6,35.0,20.0,2.5,996.5,1006.2,93,33.0,9,12,91.21,196.7,63.14
1006,42483,2018,10,3,13.31,3.4,34.0,20.0,3.6,995.1,1004.7,81,32.2,9,10,74.12,171.65,57.18
1007,42483,2018,10,4,9.02,0.8,34.0,21.2,3.0,993.7,1003.3,94,35.0,9,6,90.19,203.67,63.28
1008,42483,2018,10,5,10.12,2.5,34.0,21.6,2.0,992.6,1002.2,89,31.3,0,0,86.61,187.59,53.08
1009,42483,2018,10,6,13.55,4.6,34.0,22.4,2.0,995.4,1005.0,97,31.3,7,15,100.58,187.64,68.5
1010,42483,2018,10,7,12.13,3.0,33.6,19.3,2.2,997.2,1006.9,86,32.4,0,0,113.1,193.92,68.05
1011,42483,2018,10,8,15.8,7.6,34.0,19.1,2.2,998.3,1007.9,77,31.9,5,10,105.37,231.71,72.35
1012,42483,2018,10,9,19.08,9.7,32.9,19.5,2.0,998.8,1008.4,71,29.5,5,10,105.82,224.27,80.54
1013,42483,2018,10,10,12.91,3.7,33.0,18.1,2.2,999.3,1009.0,80,27.8,5,6,100.78,214.58,39.77
1014,42483,2018,10,11,17.51,8.4,32.9,17.6,1.8,997.1,1006.7,73,31.3,5,4,89.33,174.6,27.79
1015,42483,2018,10,12,17.13,10.0,33.2,17.8,1.8,995.4,1005.0,73,30.7,5,6,36.46,107.44,31.44
1016,42483,2018,10,13,3.62,0.0,31.0,17.6,1.8,993.3,1003.0,95,27.6,2,30,70.57,218.39,41.12
1017,42483,2018,10,14,2.81,0.0,32.2,19.0,1.8,993.8,1003.5,100,26.4,2,24,95.42,264.43,66.36
1018,42483,2018,10,15,2.54,0.0,32.4,17.3,3.0,998.6,1008.4,98,26.2,5,4,125.55,243.93,85.77
1019,42483,2018,10,16,3.75,0.0,31.6,16.5,2.2,999.6,1008.7,93,29.4,0,0,130.16,284.54,99.66
1020,42483,2018,10,17,15.1,5.1,30.2,15.6,1.8,999.1,1008.8,84,30.0,0,0,124.4,274.72,95.77
1021,42483,2018,10,18,12.89,7.6,30.9,15.2,1.8,999.8,1009.5,81,28.6,9,6,112.1,254.64,92.18
1022,42483,2018,10,19,13.76,2.8,32.0,14.7,2.2,1000.0,1009.7,90,30.0,0,0,98.75,239.05,79.66
1023,42483,2018,10,20,11.95,6.0,32.4,15.1,1.6,999.0,1008.6,84,30.7,0,0,119.34,279.74,81.84
1024,42483,2018,10,21,16.16,8.2,31.4,14.7,1.6,998.1,1007.8,71,25.0,0,0,141.1,307.94,100.21
1025,42483,2018,10,22,17.8,9.5,30.0,15.8,1.5,1000.6,1010.2,74,27.1,0,0,95.8,253.39,75.51
1026,42483,2018,10,23,17.22,9.0,30.0,16.4,1.6,1001.7,1011.4,77,27.4,14,6,94.76,242.98,75.17
1027,42483,2018,10,24,16.12,9.7,29.2,16.1,1.6,1000.3,1009.9,67,26.1,9,6,106.33,256.2,91.82
1028,42483,2018,10,25,16.5,8.8,29.0,16.9,1.5,998.7,1008.3,72,27.1,14,6,156.04,340.66,109.45
1029,42483,2018,10,26,16.45,9.5,30.0,17.0,1.5,999.7,1009.4,75,24.8,7,6,126.45,307.86,115.66
1031,42483,2018,10,28,16.57,8.9,30.7,14.5,1.3,998.4,1008.1,80,27.9,27,4,137.25,308.12,115.0
1032,42483,2018,10,29,13.95,7.3,28.6,13.7,2.4,1000.6,1010.3,76,25.6,0,0,106.67,232.14,85.71
1033,42483,2018,10,30,16.4,7.8,29.5,13.9,1.8,1001.8,1011.5,72,24.1,0,0,103.79,249.38,81.88
1034,42483,2018,10,31,16.26,9.2,30.4,14.5,1.8,1002.4,1012.1,65,22.1,0,0,94.39,192.72,73.39
1035,42483,2018,11,1,15.49,8.8,29.0,13.6,1.6,1002.0,1011.6,84,28.9,0,0,97.33,257.04,86.59
1036,42483,2018,11,2,15.25,8.7,31.0,13.8,1.8,1001.7,1011.3,70,25.5,0,0,103.97,240.07,98.42
1037,42483,2018,11,3,12.95,6.4,29.7,13.9,1.5,1003.6,1013.4,69,21.4,32,2,111.67,258.81,106.89
1038,42483,2018,11,4,14.67,7.6,29.3,13.8,1.8,1005.9,1015.7,66,18.1,0,0,132.8,333.52,122.87
1039,42483,2018,11,5,13.99,7.6,27.6,11.8,1.5,1005.7,1015.6,70,20.5,0,0,147.0,298.2,99.18
1040,42483,2018,11,6,14.51,7.2,28.4,13.1,1.8,1004.6,1014.4,75,20.9,0,0,169.91,346.84,96.79
1041,42483,2018,11,7,15.18,8.1,28.4,12.8,1.0,1003.2,1013.0,72,20.6,0,0,173.53,315.21,101.88
1042,42483,2018,11,8,15.49,8.2,28.5,12.0,1.3,1002.3,1012.1,68,18.8,0,0,237.27,377.67,100.39
1043,42483,2018,11,9,11.66,5.3,30.0,13.3,1.1,1003.6,1013.4,74,22.2,0,0,204.35,376.92,95.86
1044,42483,2018,11,10,15.42,8.9,28.8,11.6,1.6,1003.8,1013.5,63,17.6,36,4,196.78,429.28,106.95
1045,42483,2018,11,11,15.8,8.4,28.4,11.7,1.5,1001.2,1011.0,65,16.8,29,4,223.88,440.88,112.6
1046,42483,2018,11,12,14.19,6.6,27.5,10.4,1.4,1002.5,1012.4,66,16.3,0,0,211.58,427.68,138.01
1047,42483,2018,11,13,13.7,7.1,28.4,11.6,1.4,1002.2,1012.1,65,15.9,0,0,186.03,385.09,167.67
1048,42483,2018,11,14,12.79,6.3,28.5,12.0,1.5,1002.5,1012.3,64,16.5,27,4,166.11,387.23,127.65
1049,42483,2018,11,15,13.53,7.7,27.9,12.7,1.2,1003.9,1013.7,67,18.1,0,0,187.54,361.15,121.07
1050,42483,2018,11,16,14.64,7.3,27.9,12.5,0.6,1005.2,1015.1,77,20.4,0,0,152.45,337.77,101.18
1051,42483,2018,11,17,14.53,7.7,28.0,11.0,1.4,1004.3,1014.1,74,18.7,0,0,140.73,303.79,100.13
1052,42483,2018,11,18,15.22,8.7,27.4,10.2,1.6,1004.1,1013.9,66,17.3,29,4,175.96,330.84,99.67
1053,42483,2018,11,19,16.05,8.9,29.4,10.8,1.6,1003.4,1013.2,65,16.8,29,4,217.3,410.24,112.13
1054,42483,2018,11,20,15.25,8.5,26.9,12.5,2.0,1000.8,1010.7,58,14.1,29,6,200.25,348.93,122.59
1055,42483,2018,11,21,14.34,8.2,27.0,9.3,1.6,1002.0,1011.9,65,15.6,0,0,233.4,399.28,158.96
1056,42483,2018,11,22,13.7,7.6,27.4,9.2,1.8,1003.8,1013.6,61,15.7,0,0,191.75,329.21,133.06
1057,42483,2018,11,23,14.64,8.1,27.3,10.5,1.8,1002.0,1011.9,70,17.4,0,0,188.67,329.05,126.63
1058,42483,2018,11,24,13.32,6.4,27.5,10.0,2.2,1003.1,1012.9,64,16.9,0,0,148.79,283.02,110.86
1059,42483,2018,11,25,13.42,7.9,28.0,10.9,2.2,999.6,1009.4,67,18.1,27,4,124.92,240.86,127.88
1060,42483,2018,11,26,15.52,9.4,28.2,10.3,2.0,999.4,1009.2,63,16.5,29,6,171.71,325.28,126.27
1061,42483,2018,11,27,11.68,6.0,28.9,10.7,2.2,1002.2,1012.0,77,20.6,0,0,210.62,317.96,118.66
1062,42483,2018,11,28,11.38,5.1,29.5,10.6,2.0,1004.8,1014.6,72,19.1,0,0,201.99,292.97,110.85
1063,42483,2018,11,29,10.25,2.5,29.0,10.4,1.6,1003.6,1013.4,81,21.3,0,0,197.88,287.26,112.05
1065,42483,2018,12,1,11.8,8.0,21.3,15.4,1.4,1004.6,1014.5,65,15.7,27,4,186.44,346.41,139.99
1067,42483,2018,12,3,13.13,6.1,19.0,13.7,1.4,1004.1,1013.3,69,16.6,0,0,183.59,312.47,137.53
1068,42483,2018,12,4,13.41,8.2,19.1,15.3,0.9,1004.2,1014.1,61,14.8,29,6,173.21,285.79,145.6
1069,42483,2018,12,5,13.45,8.4,21.5,12.6,0.6,1002.3,1012.2,64,15.0,27,4,205.58,323.81,144.62
1070,42483,2018,12,6,11.91,6.9,27.4,15.0,1.2,1002.6,1012.5,63,15.5,27,4,206.61,321.11,131.88
1071,42483,2018,12,7,12.41,6.9,25.2,11.2,1.4,1003.0,1012.9,66,15.6,32,4,232.43,367.64,136.63
1072,42483,2018,12,8,12.24,7.2,26.3,11.7,2.1,1001.5,1011.4,69,16.6,0,0,175.96,301.41,127.14
1073,42483,2018,12,9,11.59,6.2,24.6,9.5,1.2,1000.6,1010.4,78,19.5,0,0,220.79,353.61,125.99
1074,42483,2018,12,10,10.89,6.0,23.2,6.2,1.6,1001.1,1011.0,76,18.0,25,4,251.96,364.67,107.51
1075,42483,2018,12,11,10.32,3.2,16.8,9.2,1.3,1001.7,1011.5,64,15.0,27,8,198.0,301.19,107.08
1076,42483,2018,12,12,8.91,0.0,13.8,8.6,1.2,1000.4,1010.2,53,13.4,29,8,240.17,354.47,118.26
1078,42483,2018,12,14,11.57,5.8,13.3,6.7,0.7,1001.7,1011.7,70,15.4,0,0,176.04,272.44,113.34
1079,42483,2018,12,15,13.05,7.7,18.7,6.7,0.8,1003.8,1013.7,56,13.2,0,0,156.68,241.51,110.64
1080,42483,2018,12,16,10.52,6.6,17.8,5.6,1.2,1004.3,1014.2,65,14.9,0,0,159.82,248.62,96.44
1081,42483,2018,12,17,13.5,5.6,17.6,7.4,1.1,1002.9,1012.8,71,16.2,0,0,238.55,323.29,125.31
1082,42483,2018,12,18,13.16,5.0,19.5,5.4,1.2,1001.4,1011.4,77,16.5,0,0,177.69,253.97,111.88
1083,42483,2018,12,19,14.58,3.0,20.8,3.8,1.3,1003.4,1013.3,78,18.6,0,0,171.62,270.07,111.17
1084,42483,2018,12,20,13.31,1.2,24.7,8.8,1.8,1004.6,1014.4,68,17.1,7,4,212.54,338.8,131.28
1085,42483,2018,12,21,6.93,0.0,26.5,9.0,1.3,1005.4,1015.5,83,15.1,27,6,221.29,331.45,144.75
1086,42483,2018,12,22,11.53,6.3,28.8,11.2,1.4,1005.3,1015.2,74,20.3,9,4,237.82,355.0,151.39
1087,42483,2018,12,23,12.42,0.0,28.6,12.6,1.8,1007.2,1017.2,81,19.1,32,6,253.76,360.6,165.06
1088,42483,2018,12,24,5.31,0.0,20.6,14.0,1.0,1008.0,1017.9,74,15.0,32,4,237.17,365.3,165.88
1089,42483,2018,12,25,13.24,5.5,21.2,10.0,1.7,1007.2,1017.2,66,13.7,0,0,201.08,312.11,134.88
1090,42483,2018,12,26,12.67,6.9,14.9,4.9,1.1,1006.3,1016.4,59,12.9,29,6,208.99,304.21,131.54
1091,42483,2018,12,27,11.97,8.5,15.4,3.0,0.7,1004.8,1014.6,56,13.0,0,0,194.86,321.61,122.93
1092,42483,2018,12,28,11.52,6.7,18.0,4.2,1.1,1005.4,1015.5,83,15.1,27,6,179.02,293.3,124.45
1093,42483,2018,12,29,12.71,7.5,15.2,6.6,1.0,1005.2,1015.3,68,15.0,0,0,224.22,321.06,131.97
1094,42483,2018,12,30,11.72,5.9,10.8,2.6,1.0,1006.4,1016.5,60,12.6,9,4,246.83,312.89,137.62
1095,42483,2018,12,31,10.14,5.0,13.4,4.1,0.2,1007.7,1017.8,70,14.9,2,4,234.06,305.13,132.63
